-- phpMyAdmin SQL Dump
-- version 4.9.0.1
-- https://www.phpmyadmin.net/
--
-- Host: 127.0.0.1
-- Waktu pembuatan: 23 Sep 2019 pada 10.51
-- Versi server: 10.3.16-MariaDB
-- Versi PHP: 7.3.7

SET SQL_MODE = "NO_AUTO_VALUE_ON_ZERO";
SET AUTOCOMMIT = 0;
START TRANSACTION;
SET time_zone = "+00:00";


/*!40101 SET @OLD_CHARACTER_SET_CLIENT=@@CHARACTER_SET_CLIENT */;
/*!40101 SET @OLD_CHARACTER_SET_RESULTS=@@CHARACTER_SET_RESULTS */;
/*!40101 SET @OLD_COLLATION_CONNECTION=@@COLLATION_CONNECTION */;
/*!40101 SET NAMES utf8mb4 */;

--
-- Database: `db_info`
--

-- --------------------------------------------------------

--
-- Struktur dari tabel `administration`
--

CREATE TABLE `administration` (
  `id` int(11) NOT NULL,
  `name` varchar(225) NOT NULL,
  `plasma_id` int(11) NOT NULL
) ENGINE=InnoDB DEFAULT CHARSET=latin1;

--
-- Dumping data untuk tabel `administration`
--

INSERT INTO `administration` (`id`, `name`, `plasma_id`) VALUES
(1, 'Neneng Khoiriah', 2),
(2, 'Suminta', 2);

-- --------------------------------------------------------

--
-- Struktur dari tabel `doctor`
--

CREATE TABLE `doctor` (
  `id` int(11) NOT NULL,
  `name` varchar(225) NOT NULL,
  `is_doctor_specialist` int(11) NOT NULL DEFAULT 0,
  `is_doctor_of_duty` int(11) NOT NULL DEFAULT 0
) ENGINE=InnoDB DEFAULT CHARSET=latin1;

--
-- Dumping data untuk tabel `doctor`
--

INSERT INTO `doctor` (`id`, `name`, `is_doctor_specialist`, `is_doctor_of_duty`) VALUES
(1, 'SUWOTO, dr ', 0, 1),
(2, 'RICKY SUWANDI, dr. MM, MARS', 0, 1),
(3, 'Suwitno, dr', 0, 1),
(4, 'dr.Ariani', 1, 1),
(5, 'dr.Syarif', 1, 0),
(6, 'dr.melisa', 1, 0),
(7, 'dr.Johanes Sp.U', 1, 0),
(9, 'dr.Fany', 1, 1),
(10, 'dr.Imam', 1, 1),
(11, 'dr.Priscilla', 1, 0),
(12, 'dr. Roy Cristian SpJP', 1, 0),
(13, 'dr.Sidharta', 1, 0),
(14, 'dr.Yudi,sp BS', 1, 0),
(15, 'dr.Wahyu Sp.PD', 1, 0),
(16, 'dr.cynthia utami , Sp.A', 1, 0),
(17, 'dr.Shiera', 1, 0),
(18, 'dr.rully', 1, 0),
(19, 'dr.Hans', 1, 0),
(20, 'dr.Bambang Heru', 1, 0),
(21, 'dr.dwi Ro', 1, 0),
(22, 'dr. Febi', 1, 0),
(23, 'FORRY FORTUNA, dr. Sp.OG', 1, 0),
(24, 'HOTMA PARULIAN SIMATUPANG, dr. Sp.OG', 1, 0),
(25, 'IVAN R. SENTOSA, dr Sp.OG, M.Med', 1, 0),
(26, 'JERIO WIJAYA, Dr.,Sp.OG', 1, 0),
(27, 'ADI M. RAHARDJA, dr. Sp.OG', 1, 0),
(28, 'LUKMAN B. HUDONO, dr. Sp.OG', 1, 0),
(29, 'ASRIL MOEIS, dr. Sp.OG', 1, 0),
(30, 'JOHAN WIDJAJA, dr', 1, 0),
(31, 'ADAM BERLIAN TRISNADI. dr', 0, 1),
(32, 'HUTOMO. Dr', 0, 1);

-- --------------------------------------------------------

--
-- Struktur dari tabel `doctor_of_dutty`
--

CREATE TABLE `doctor_of_dutty` (
  `id` int(11) NOT NULL,
  `doctor_id` int(1) NOT NULL,
  `plasma_id` int(11) NOT NULL
) ENGINE=InnoDB DEFAULT CHARSET=latin1;

--
-- Dumping data untuk tabel `doctor_of_dutty`
--

INSERT INTO `doctor_of_dutty` (`id`, `doctor_id`, `plasma_id`) VALUES
(4, 2, 1),
(5, 3, 1),
(6, 9, 1),
(7, 10, 1),
(8, 31, 2),
(9, 32, 2);

-- --------------------------------------------------------

--
-- Struktur dari tabel `doctor_room`
--

CREATE TABLE `doctor_room` (
  `id` int(11) NOT NULL,
  `room_number` int(11) NOT NULL,
  `description` varchar(225) NOT NULL,
  `plasma_id` int(11) NOT NULL
) ENGINE=InnoDB DEFAULT CHARSET=latin1;

--
-- Dumping data untuk tabel `doctor_room`
--

INSERT INTO `doctor_room` (`id`, `room_number`, `description`, `plasma_id`) VALUES
(1, 159, 'test aja', 7),
(4, 153, '', 7),
(5, 155, '', 7),
(6, 156, '', 7),
(7, 158, '', 7);

-- --------------------------------------------------------

--
-- Struktur dari tabel `doctor_schedule`
--

CREATE TABLE `doctor_schedule` (
  `id` int(11) NOT NULL,
  `doctor_id` int(11) NOT NULL,
  `monday` varchar(20) NOT NULL,
  `tuesday` varchar(20) NOT NULL DEFAULT '-',
  `wednesday` varchar(20) NOT NULL DEFAULT '-',
  `thursday` varchar(20) NOT NULL DEFAULT '-',
  `friday` varchar(20) NOT NULL DEFAULT '-',
  `saturday` varchar(20) NOT NULL DEFAULT '-',
  `sunday` varchar(25) NOT NULL DEFAULT '-',
  `room_id` int(11) NOT NULL
) ENGINE=InnoDB DEFAULT CHARSET=latin1;

--
-- Dumping data untuk tabel `doctor_schedule`
--

INSERT INTO `doctor_schedule` (`id`, `doctor_id`, `monday`, `tuesday`, `wednesday`, `thursday`, `friday`, `saturday`, `sunday`, `room_id`) VALUES
(3, 23, '08.00 - 13.00', '-', '-', '-', '08.00 - 13.00', '08.00 - 10.00', '-', 4),
(4, 24, '10.00 - 13.00', '-', '-', '-', '10.00 - 13.00', '-', '-', 5),
(5, 25, '10.00 - 16.00', '-', '-', '-', '08.00 - 13.00', '-', '-', 6),
(6, 26, '09.00 - 14.00', '-', '-', '-', '08.00 - 13.00', '-', '-', 7),
(7, 27, '14.00 - 16.00', '-', '-', '-', '08.00 - 13.00', '-', '-', 7),
(8, 28, '09.00 - 14.00', '-', '-', '-', '08.00 - 13.00', '-', '-', 1);

-- --------------------------------------------------------

--
-- Struktur dari tabel `groups`
--

CREATE TABLE `groups` (
  `id` int(8) NOT NULL,
  `name` varchar(20) CHARACTER SET utf8 NOT NULL,
  `description` varchar(100) CHARACTER SET utf8 NOT NULL
) ENGINE=InnoDB DEFAULT CHARSET=latin1;

--
-- Dumping data untuk tabel `groups`
--

INSERT INTO `groups` (`id`, `name`, `description`) VALUES
(1, 'superadmin', 'Administrator'),
(2, 'admin', 'General admin'),
(3, 'member', 'member area\r\n'),
(4, 'admin-acs', ''),
(5, 'member-acs', '');

-- --------------------------------------------------------

--
-- Struktur dari tabel `group_access_permission`
--

CREATE TABLE `group_access_permission` (
  `id` int(11) NOT NULL,
  `group_id` int(11) NOT NULL,
  `menu_id` int(11) NOT NULL
) ENGINE=InnoDB DEFAULT CHARSET=latin1;

--
-- Dumping data untuk tabel `group_access_permission`
--

INSERT INTO `group_access_permission` (`id`, `group_id`, `menu_id`) VALUES
(1, 1, 1),
(2, 1, 2),
(4, 2, 1),
(5, 2, 2),
(16, 2, 15),
(19, 1, 14),
(20, 1, 15),
(21, 1, 16),
(22, 1, 17),
(23, 1, 18),
(24, 1, 19),
(25, 1, 20),
(26, 1, 21),
(27, 1, 22),
(28, 1, 23),
(29, 1, 24),
(30, 1, 25),
(32, 3, 2),
(33, 3, 17),
(34, 3, 18),
(35, 3, 19),
(36, 3, 20),
(37, 3, 21),
(38, 3, 22),
(39, 3, 23),
(40, 3, 24),
(41, 3, 25),
(42, 2, 14),
(43, 2, 16),
(44, 2, 17),
(45, 2, 18),
(46, 2, 19),
(47, 2, 20),
(48, 2, 21),
(49, 2, 22),
(50, 2, 23),
(51, 2, 24),
(52, 2, 25),
(56, 1, 3),
(57, 1, 26),
(58, 1, 27),
(59, 1, 28),
(60, 1, 29),
(61, 1, 30),
(62, 1, 31),
(65, 4, 30),
(66, 4, 31),
(67, 4, 32),
(68, 4, 33),
(72, 5, 33),
(80, 5, 31),
(81, 1, 32),
(82, 1, 33),
(83, 1, 34);

-- --------------------------------------------------------

--
-- Struktur dari tabel `image_slide`
--

CREATE TABLE `image_slide` (
  `id` int(11) NOT NULL,
  `name` varchar(225) NOT NULL,
  `description` varchar(255) NOT NULL,
  `plasma_id` int(11) NOT NULL
) ENGINE=InnoDB DEFAULT CHARSET=latin1;

--
-- Dumping data untuk tabel `image_slide`
--

INSERT INTO `image_slide` (`id`, `name`, `description`, `plasma_id`) VALUES
(1, '0f1acbf20c016de5c377446c29a8efeb.png', '6a-vip', 2),
(2, '705df156c9aee78fb6f4dd9d8f72d65c.jpg', '', 1),
(3, '05dedafc932566aa892095116c773d65.png', '6a 1', 2),
(4, '04cb57a0eb6e6f83725ab7507661b667.jpg', '', 1),
(6, '037934b0a629db9a790e2064641abc48.png', '', 7),
(7, '7dfafd4dc42bdba6ab2e3dced299d13a.PNG', 'teste', 1),
(8, '32c2cfdeb7dafe251892400770a6cd3d.PNG', 'teste', 1),
(9, '6e2adf83fbdc38f21304717820bc8b41.PNG', 'teste', 1),
(10, '', 'tester', 4),
(11, '72e3797102d7a1e24018e06f1d961e73.png', '6a', 2);

-- --------------------------------------------------------

--
-- Struktur dari tabel `items`
--

CREATE TABLE `items` (
  `id` int(11) NOT NULL,
  `title` varchar(50) NOT NULL,
  `description` varchar(200) NOT NULL
) ENGINE=InnoDB DEFAULT CHARSET=latin1;

-- --------------------------------------------------------

--
-- Struktur dari tabel `login_attempts`
--

CREATE TABLE `login_attempts` (
  `id` int(11) UNSIGNED NOT NULL,
  `ip_address` varchar(45) NOT NULL,
  `login` varchar(100) NOT NULL,
  `time` int(11) UNSIGNED DEFAULT NULL
) ENGINE=InnoDB DEFAULT CHARSET=utf8;

-- --------------------------------------------------------

--
-- Struktur dari tabel `menus`
--

CREATE TABLE `menus` (
  `id` int(11) NOT NULL,
  `name` varchar(50) NOT NULL,
  `link` varchar(50) NOT NULL,
  `icon` varchar(50) NOT NULL,
  `parent_id` int(11) NOT NULL,
  `sort` int(11) NOT NULL,
  `is_active` int(11) NOT NULL DEFAULT 1
) ENGINE=InnoDB DEFAULT CHARSET=latin1;

--
-- Dumping data untuk tabel `menus`
--

INSERT INTO `menus` (`id`, `name`, `link`, `icon`, `parent_id`, `sort`, `is_active`) VALUES
(1, 'master data', 'master_data', 'list', 0, 5, 1),
(2, 'display', 'display', 'monitor', 0, 9, 1),
(3, 'management', 'management', 'grid', 0, 20, 1),
(14, 'users', 'main/user', '', 1, 6, 1),
(15, 'dokter', 'main/doctor', '', 1, 7, 1),
(16, 'perawat', 'main/nurse', '', 1, 8, 1),
(17, 'dokter jaga', 'main/doctor-of-duty', '', 2, 10, 1),
(18, 'dokter spesialis', 'main/specialist-doctor', '', 2, 12, 1),
(19, 'kepala ruang', 'main/nurse-spv', '', 2, 13, 1),
(20, 'perawat jaga', 'main/nurse-of-dutty', '', 2, 14, 1),
(21, 'perawat PJ shift', 'main/pic-nurse', '', 2, 15, 1),
(22, 'jadwal dokter', 'main/doctor-schedule', '', 2, 16, 1),
(23, 'jam besuk', 'main/jam-besuk', '', 2, 17, 1),
(24, 'ruang dokter', 'main/doctor-room', '', 2, 18, 1),
(25, 'Image slide', 'main/image-slide', '', 2, 19, 1),
(26, 'management display', 'main/display-management', '', 3, 21, 1),
(27, 'setting display', 'main/setting', '', 3, 22, 1),
(28, 'menu management', 'main/menus', '', 3, 24, 1),
(29, 'access permission', 'main/access-permission', '', 3, 23, 1),
(30, 'acs', 'acs', 'list', 0, 1, 1),
(31, 'menu', 'acs/menu', '', 30, 2, 1),
(32, 'patient', 'acs/patients', '', 30, 3, 1),
(33, 'order', 'acs/orders', '', 30, 4, 1),
(34, 'administrasi', 'main/administration', '', 2, 11, 1);

-- --------------------------------------------------------

--
-- Struktur dari tabel `nurse`
--

CREATE TABLE `nurse` (
  `id` int(11) NOT NULL,
  `name` varchar(225) NOT NULL
) ENGINE=InnoDB DEFAULT CHARSET=latin1;

--
-- Dumping data untuk tabel `nurse`
--

INSERT INTO `nurse` (`id`, `name`) VALUES
(1, 'Sr. Sri Nova Sinaga'),
(2, 'Sr. Yulia Fitri'),
(3, 'Sr. Noviyanti'),
(5, 'Sr. Risna'),
(11, 'Sr. Sherly D. Masengi'),
(12, 'Sr. Denita B.P'),
(13, 'Sr. Henny Widyanti'),
(14, 'Sr. Rosalia F'),
(15, 'Sr. Esterlyna O');

-- --------------------------------------------------------

--
-- Struktur dari tabel `nurse_of_dutty`
--

CREATE TABLE `nurse_of_dutty` (
  `id` int(11) NOT NULL,
  `plasma_id` int(11) NOT NULL,
  `nurse_id` int(11) NOT NULL
) ENGINE=InnoDB DEFAULT CHARSET=latin1;

--
-- Dumping data untuk tabel `nurse_of_dutty`
--

INSERT INTO `nurse_of_dutty` (`id`, `plasma_id`, `nurse_id`) VALUES
(1, 2, 12),
(2, 1, 1),
(3, 2, 13),
(4, 2, 14);

-- --------------------------------------------------------

--
-- Struktur dari tabel `nurse_spv`
--

CREATE TABLE `nurse_spv` (
  `id` int(11) NOT NULL,
  `nurse_id` int(11) NOT NULL,
  `plasma_id` int(11) NOT NULL
) ENGINE=InnoDB DEFAULT CHARSET=latin1;

--
-- Dumping data untuk tabel `nurse_spv`
--

INSERT INTO `nurse_spv` (`id`, `nurse_id`, `plasma_id`) VALUES
(1, 11, 2);

-- --------------------------------------------------------

--
-- Struktur dari tabel `pic_nurse`
--

CREATE TABLE `pic_nurse` (
  `id` int(11) NOT NULL,
  `nurse_id` int(11) NOT NULL,
  `plasma_id` int(11) NOT NULL
) ENGINE=InnoDB DEFAULT CHARSET=latin1;

--
-- Dumping data untuk tabel `pic_nurse`
--

INSERT INTO `pic_nurse` (`id`, `nurse_id`, `plasma_id`) VALUES
(1, 1, 1),
(2, 5, 1),
(3, 15, 2);

-- --------------------------------------------------------

--
-- Struktur dari tabel `plasma`
--

CREATE TABLE `plasma` (
  `id` int(11) NOT NULL,
  `name` varchar(225) NOT NULL,
  `title` varchar(225) NOT NULL,
  `url` varchar(50) NOT NULL,
  `is_doctor_of_dutty` int(11) NOT NULL,
  `is_specialist_doctor` int(11) NOT NULL,
  `is_nurse` int(11) NOT NULL,
  `is_pic_nurse` int(11) NOT NULL,
  `is_administration` int(1) NOT NULL DEFAULT 1,
  `is_image_slide` int(11) NOT NULL,
  `is_active` int(11) NOT NULL,
  `type_id` int(11) NOT NULL
) ENGINE=InnoDB DEFAULT CHARSET=latin1;

--
-- Dumping data untuk tabel `plasma`
--

INSERT INTO `plasma` (`id`, `name`, `title`, `url`, `is_doctor_of_dutty`, `is_specialist_doctor`, `is_nurse`, `is_pic_nurse`, `is_administration`, `is_image_slide`, `is_active`, `type_id`) VALUES
(1, 'IGD', 'INSTALASI GAWAT DARURAT (IGD) 24 JAM', 'igd', 1, 1, 1, 1, 1, 1, 1, 1),
(2, 'Lantai 6-A', 'Informasi Rawat Inap LT. 6 Wing A', 'enama', 1, 0, 0, 0, 1, 0, 1, 3),
(3, 'Lantai 6-B', 'Informasi Rawat Inap LT. 6 Wing B', 'enamb', 1, 0, 0, 0, 1, 0, 1, 3),
(4, 'Lantai 7-A', 'Informasi Rawat Inap LT. 7 Wing A	', 'tujuha', 1, 0, 0, 0, 0, 0, 1, 3),
(5, 'Lantai 7-B', 'Informasi Rawat Inap LT. 7 Wing B	', 'tujuhb', 0, 0, 0, 0, 0, 0, 1, 3),
(6, 'Lantai 8-A', 'Informasi Rawat Inap LT. 8 Wing A', 'delapana', 0, 0, 0, 0, 0, 0, 1, 3),
(7, 'Obgyn', 'Poliklinik Obgyn', 'obgyn', 1, 0, 0, 0, 0, 1, 0, 2);

-- --------------------------------------------------------

--
-- Struktur dari tabel `setting`
--

CREATE TABLE `setting` (
  `id` int(11) NOT NULL,
  `name` varchar(225) NOT NULL,
  `image_icon` varchar(50) NOT NULL,
  `image_display` varchar(50) NOT NULL,
  `is_active` int(11) DEFAULT 0
) ENGINE=InnoDB DEFAULT CHARSET=latin1;

--
-- Dumping data untuk tabel `setting`
--

INSERT INTO `setting` (`id`, `name`, `image_icon`, `image_display`, `is_active`) VALUES
(1, 'RS Peduli', 'ddfac0f009de50a1ca09f64bd08b33f8.ico', '09d39fa9ad39ba4a5bbfbcde5ea3f360.png', 0),
(2, 'RS Sejahtera', '60112a7414326491737d68b63a6815e1.jpg', '07e16f1a30913b0ed690cb8e5ce62c65.png', 0),
(3, 'RS Grha Kedoya', '2e4b62939583f9c038ee97a36fa8319c.jpg', '7ebd3250292ed168b0f94248f6e94735.jpg', 1);

-- --------------------------------------------------------

--
-- Struktur dari tabel `specialist_doctor`
--

CREATE TABLE `specialist_doctor` (
  `id` int(11) NOT NULL,
  `specialist_name` varchar(225) NOT NULL,
  `doctor_oc_1` varchar(225) NOT NULL,
  `doctor_oc_2` varchar(225) NOT NULL,
  `plasma_id` int(11) NOT NULL
) ENGINE=InnoDB DEFAULT CHARSET=latin1;

--
-- Dumping data untuk tabel `specialist_doctor`
--

INSERT INTO `specialist_doctor` (`id`, `specialist_name`, `doctor_oc_1`, `doctor_oc_2`, `plasma_id`) VALUES
(1, 'Specialist Obgyn', '4', '5', 2),
(20, 'Spesialis Mata', '', '6', 1),
(21, 'Spesialis Penyakit Dalam', 'test', 'test', 2),
(22, 'Spesialis Radiologi', 'test', 'test', 2),
(23, 'Spesialis Urologi', '7', '7', 1),
(24, 'Spesialis Saraf', '11', '10', 1),
(26, 'Spesialis Jantung', '12', '12', 1),
(27, 'Specialist USG', '13', '9', 1),
(28, 'Specialist Ortopedi', '22', '22', 1),
(29, 'Specialist Bedah Saraf', '14', '14', 1),
(30, 'Specialist Anak', '', '16', 1),
(31, 'Specialist Internis', '', '15', 1),
(32, 'Specialist Bedah', '17', '17', 1),
(33, 'Specialist THT', '', '18', 1),
(34, 'Specialist Kulit Kelamin', '21', '19', 1),
(35, 'Specialist Paru', '', '20', 1),
(36, 'Specialist test', '4', '5', 1);

-- --------------------------------------------------------

--
-- Struktur dari tabel `tblagama`
--

CREATE TABLE `tblagama` (
  `idagama` int(11) NOT NULL,
  `agama` varchar(50) NOT NULL
) ENGINE=InnoDB DEFAULT CHARSET=latin1;

--
-- Dumping data untuk tabel `tblagama`
--

INSERT INTO `tblagama` (`idagama`, `agama`) VALUES
(1, 'Islam'),
(2, 'Kristen');

-- --------------------------------------------------------

--
-- Struktur dari tabel `tblmenus`
--

CREATE TABLE `tblmenus` (
  `id` int(11) NOT NULL,
  `name` varchar(50) NOT NULL,
  `description` text NOT NULL,
  `image` text NOT NULL
) ENGINE=InnoDB DEFAULT CHARSET=latin1;

--
-- Dumping data untuk tabel `tblmenus`
--

INSERT INTO `tblmenus` (`id`, `name`, `description`, `image`) VALUES
(1, 'Nasi Goreng', 'nasinya di goreng pake sapi', '14340acf322b8b3d3c1d6c4e824a9237.jpg'),
(2, 'Nasi Goreng Mata Sapi', 'nasinya di goreng', '794d6a706b3eb7f1640a8d705a45dc02.jpg'),
(3, 'Ayam Penyet', 'Ayamnya di penyet penyet', 'c0a74c25db91dbec286f5599e1322ff4.jpg'),
(4, 'Ayam Geprek', 'Ayamnya di geprek dah pokoknya mah', '19b0cca70b24b0295f3b2668c9a26a75.jpg'),
(5, 'aertfwef', 'asdfwease', 'eb1f0c98cf3f8f0fc63a2ec6cd07b105.jpg'),
(6, 'aw4fc', 'aw4tfwawd', '6ae6bea30b82a26f9b48713c86bd845e.jpg'),
(7, 'ae4rq3', 'aerwe3d', 'efe644825e47027a46cd1996a7fd3240.jpg'),
(8, 'aw4r3f1w21', 'afe4ghe7i', 'cb6dbb25a4cf930d1c07ba16dc66e122.jpg');

-- --------------------------------------------------------

--
-- Struktur dari tabel `tblorders`
--

CREATE TABLE `tblorders` (
  `id` int(11) NOT NULL,
  `id_patient` int(5) NOT NULL,
  `menu_1` int(5) NOT NULL,
  `menu_2` int(5) NOT NULL,
  `menu_3` int(5) NOT NULL,
  `description` text NOT NULL,
  `date_create` date NOT NULL
) ENGINE=InnoDB DEFAULT CHARSET=latin1;

--
-- Dumping data untuk tabel `tblorders`
--

INSERT INTO `tblorders` (`id`, `id_patient`, `menu_1`, `menu_2`, `menu_3`, `description`, `date_create`) VALUES
(1, 1, 3, 1, 7, '', '0000-00-00'),
(2, 10, 6, 5, 4, '', '2019-09-23'),
(3, 8, 5, 5, 6, 'uahfhashdfawrfecw', '2019-09-23');

-- --------------------------------------------------------

--
-- Struktur dari tabel `tblpasien`
--

CREATE TABLE `tblpasien` (
  `id` mediumint(8) UNSIGNED NOT NULL,
  `no_rm` mediumint(9) DEFAULT NULL,
  `no_reg` varchar(13) DEFAULT NULL,
  `nama` varchar(255) DEFAULT NULL,
  `alamat` varchar(255) DEFAULT NULL,
  `tgl_lahir` varchar(255) DEFAULT NULL,
  `sex` varchar(255) DEFAULT NULL,
  `idsuku` mediumint(9) DEFAULT NULL,
  `idagama` mediumint(9) DEFAULT NULL
) ENGINE=InnoDB DEFAULT CHARSET=latin1;

--
-- Dumping data untuk tabel `tblpasien`
--

INSERT INTO `tblpasien` (`id`, `no_rm`, `no_reg`, `nama`, `alamat`, `tgl_lahir`, `sex`, `idsuku`, `idagama`) VALUES
(1, 10000, '1632010433899', 'Xenos Merrill', '317-8311 Duis Street', '1984-07-20', 'P', 2, 2),
(2, 9999, '1663080462399', 'Ezra Flynn', '919-9450 Mattis Rd.', '1978-12-07', 'P', 1, 1),
(3, 9998, '1667011128899', 'Richard Herring', 'Ap #517-1361 Quisque Road', '1981-06-04', 'P', 2, 2),
(4, 9997, '1691120522499', 'Sebastian Boone', '143-5868 Ante Rd.', '1977-08-05', 'P', 1, 1),
(5, 9996, '1627051486999', 'Igor Nguyen', '2102 Mi St.', '1969-03-08', 'P', 2, 2),
(6, 9995, '1681080473999', 'Wayne Hammond', '9034 Ut, Av.', '1986-04-19', 'P', 2, 2),
(7, 9994, '1697030571599', 'Henry Morrison', 'P.O. Box 871, 3658 Turpis St.', '1974-02-16', 'P', 2, 2),
(8, 9993, '1627070455199', 'Channing Bell', '2751 Cras Street', '1974-06-25', 'P', 2, 2),
(9, 9992, '1685042135099', 'Kermit Atkinson', '9034 Nec Road', '1964-12-30', 'P', 1, 2),
(10, 9991, '1610012396399', 'Keith Fletcher', 'P.O. Box 526, 4004 Massa. Street', '1985-07-30', 'P', 1, 2),
(11, 9990, '1691101158699', 'Sawyer Mayo', '384-6900 Dignissim St.', '1968-02-14', 'P', 1, 1),
(12, 9989, '1614051034399', 'Francis Pacheco', 'P.O. Box 182, 3567 Sed St.', '1983-08-07', 'P', 1, 1),
(13, 9988, '1612082342399', 'Wade Carpenter', 'P.O. Box 598, 1169 Eget Rd.', '1961-05-06', 'P', 2, 2),
(14, 9987, '1640052251099', 'Graiden Rice', '661-1961 Velit. Ave', '1970-06-28', 'P', 2, 1),
(15, 9986, '1640091454899', 'Abel Hampton', 'Ap #630-929 Nulla. Ave', '1972-07-28', 'P', 2, 2),
(16, 9985, '1644022420299', 'Henry Mcclain', 'Ap #319-6322 Donec St.', '1973-04-04', 'P', 2, 2),
(17, 9984, '1674090607099', 'Cole Hansen', 'P.O. Box 543, 2067 Rhoncus. Ave', '1981-01-11', 'P', 2, 1),
(18, 9983, '1693062787599', 'Brian Stuart', '2910 Arcu. St.', '1986-10-20', 'P', 1, 1),
(19, 9982, '1616072068599', 'Tobias Lloyd', 'Ap #461-9654 Massa St.', '1980-10-22', 'P', 2, 1),
(20, 9981, '1675112357399', 'Joseph Morin', 'P.O. Box 562, 6286 Eu Av.', '1965-04-11', 'P', 1, 2),
(21, 9980, '1646081517499', 'Chaim Mendoza', 'P.O. Box 868, 4469 Amet, Ave', '1969-06-28', 'P', 1, 1),
(22, 9979, '1674090324399', 'Jack Gay', '4826 Nec, Rd.', '1986-08-09', 'P', 1, 2),
(23, 9978, '1679091330999', 'Leroy Stevenson', 'P.O. Box 263, 6582 Velit. Rd.', '1985-04-16', 'P', 2, 1),
(24, 9977, '1640031453999', 'Jerome Durham', 'P.O. Box 641, 6002 Id, Road', '1972-07-10', 'P', 2, 1),
(25, 9976, '1698081957599', 'Peter Schmidt', 'P.O. Box 712, 2357 Vitae Road', '1981-01-15', 'P', 2, 1),
(26, 9975, '1637050158599', 'Russell Richards', '584-5374 Ut Street', '1971-04-26', 'P', 1, 1),
(27, 9974, '1618060761499', 'Reese Cherry', '369-1381 Nulla. Ave', '1982-03-11', 'P', 2, 2),
(28, 9973, '1634071302699', 'Orlando Cook', 'Ap #229-1944 Duis Ave', '1972-01-04', 'P', 1, 2),
(29, 9972, '1621060403199', 'Vincent Faulkner', 'P.O. Box 790, 8316 Vestibulum, Street', '1976-11-03', 'P', 2, 1),
(30, 9971, '1674012623899', 'Lars Hewitt', 'Ap #793-8612 Libero Avenue', '1979-04-25', 'P', 1, 2),
(31, 9970, '1658062852199', 'Upton Saunders', '428-3924 Class Road', '1969-12-05', 'P', 2, 2),
(32, 9969, '1661100427199', 'Benjamin Frazier', 'P.O. Box 979, 265 Sem. St.', '1983-11-21', 'P', 1, 2),
(33, 9968, '1635071594899', 'Mark Maynard', 'P.O. Box 190, 4572 Laoreet Rd.', '1980-09-10', 'P', 1, 1),
(34, 9967, '1615121377999', 'Harding Carpenter', 'Ap #331-9868 Nullam Ave', '1967-12-03', 'P', 1, 1),
(35, 9966, '1628041355499', 'Bruno Shields', 'Ap #586-9699 Amet Rd.', '1983-06-21', 'P', 2, 2),
(36, 9965, '1661070207299', 'Brett Conner', '3471 Cursus St.', '1976-01-05', 'P', 1, 1),
(37, 9964, '1660091496299', 'Zahir Trujillo', '9102 Enim Rd.', '1976-05-28', 'P', 1, 1),
(38, 9963, '1653070752899', 'Octavius Mccarty', 'P.O. Box 341, 9060 Est Street', '1974-11-02', 'P', 1, 1),
(39, 9962, '1640042788199', 'Drake Martin', 'P.O. Box 495, 8857 Nullam Rd.', '1963-07-27', 'P', 2, 1),
(40, 9961, '1663071352099', 'Ciaran Roman', '406-1401 Inceptos Road', '1987-11-18', 'P', 2, 1),
(41, 9960, '1631082178199', 'Lyle Terrell', 'P.O. Box 897, 3467 Magna. Ave', '1968-01-03', 'P', 1, 2),
(42, 9959, '1655091332799', 'Philip Mccarty', 'Ap #453-7204 Non, Avenue', '1973-11-06', 'P', 1, 1),
(43, 9958, '1693102062499', 'Zane Wood', '663-8403 Gravida St.', '1969-12-19', 'P', 1, 1),
(44, 9957, '1646071749299', 'Rajah Phelps', 'Ap #329-4888 Quis Rd.', '1981-03-29', 'P', 1, 1),
(45, 9956, '1614022538099', 'Duncan Winters', 'Ap #517-9911 Ac St.', '1968-07-11', 'P', 2, 1),
(46, 9955, '1651042291299', 'Nasim Carpenter', '8465 Sed St.', '1985-07-24', 'P', 2, 1),
(47, 9954, '1652101403199', 'Gage Weiss', 'P.O. Box 897, 7719 Massa St.', '1979-11-15', 'P', 2, 1),
(48, 9953, '1664090694799', 'Noah Petty', 'Ap #295-3391 Semper St.', '1965-03-03', 'P', 1, 1),
(49, 9952, '1660071413299', 'Kareem Callahan', 'P.O. Box 134, 9211 Mauris. Rd.', '1965-11-03', 'P', 1, 2),
(50, 9951, '1659120268299', 'Linus French', 'Ap #283-4432 Donec St.', '1982-12-19', 'P', 1, 2),
(51, 9950, '1625102500499', 'Lars Flynn', 'P.O. Box 539, 3566 Non, Av.', '1974-08-09', 'P', 1, 2),
(52, 9949, '1612092025199', 'Samuel Barry', 'P.O. Box 391, 8065 Scelerisque Rd.', '1972-02-20', 'P', 1, 2),
(53, 9948, '1640060100399', 'Callum Frank', '500-5534 Quisque Street', '1964-08-24', 'P', 1, 2),
(54, 9947, '1618122634899', 'Lucius Valenzuela', '6421 A, Street', '1975-04-21', 'P', 1, 2),
(55, 9946, '1669060589299', 'Murphy Gonzalez', '269-4883 Sem Rd.', '1985-06-14', 'P', 1, 2),
(56, 9945, '1691010495599', 'Ezekiel Sweeney', 'Ap #713-1995 Ultrices Avenue', '1989-04-15', 'P', 2, 2),
(57, 9944, '1664052947299', 'Martin Lowery', 'Ap #647-9322 Fringilla Av.', '1980-10-19', 'P', 1, 1),
(58, 9943, '1653100612999', 'Dolan Richards', '2172 Dui. Street', '1961-06-30', 'P', 1, 1),
(59, 9942, '1678022364099', 'Edward Mitchell', '573-9104 Duis St.', '1968-02-26', 'P', 2, 1),
(60, 9941, '1670030857199', 'Ryan Lane', 'Ap #326-6215 Auctor, Av.', '1971-09-17', 'P', 1, 1),
(61, 9940, '1654111429999', 'Walter Evans', '7386 Luctus Street', '1960-09-26', 'P', 2, 2),
(62, 9939, '1697121472799', 'Charles Chapman', 'P.O. Box 241, 361 Eget, Road', '1975-08-28', 'P', 2, 2),
(63, 9938, '1686121400599', 'Aidan Hardin', '938-7934 Aenean Avenue', '1980-12-20', 'P', 2, 1),
(64, 9937, '1623122562299', 'Nero Phillips', 'P.O. Box 187, 5785 Id Avenue', '1978-01-13', 'P', 1, 1),
(65, 9936, '1656011852499', 'Hyatt Durham', '8057 Lacinia St.', '1979-10-12', 'P', 1, 1),
(66, 9935, '1634021395099', 'Kasper Ayala', '690-6349 Dolor. Av.', '1975-09-07', 'P', 2, 1),
(67, 9934, '1608122072399', 'Amos Warren', '223-5170 Volutpat. Rd.', '1990-07-03', 'P', 2, 2),
(68, 9933, '1629041532699', 'Abel Stokes', '645-3794 Dictum Road', '1961-12-23', 'P', 2, 1),
(69, 9932, '1629041347499', 'Julian Watkins', '1554 Dui. Street', '1974-06-02', 'P', 1, 1),
(70, 9931, '1687091253699', 'Price Pittman', '4542 Nulla. Street', '1973-07-22', 'P', 2, 1),
(71, 9930, '1659050376999', 'Marsden Bentley', 'Ap #562-3835 Nisi. Rd.', '1990-08-08', 'P', 2, 1),
(72, 9929, '1611103059299', 'Elijah Frank', 'Ap #748-4489 In St.', '1990-08-09', 'P', 2, 2),
(73, 9928, '1681101300599', 'Aladdin Luna', '350-4489 Eu Rd.', '1961-10-10', 'P', 1, 1),
(74, 9927, '1656061657699', 'Keefe Reynolds', '618-1216 Nunc Road', '1989-05-31', 'P', 1, 1),
(75, 9926, '1610060493099', 'Boris Atkins', 'P.O. Box 316, 148 Dolor, Rd.', '1967-09-27', 'P', 1, 2),
(76, 9925, '1619112686499', 'Damon Duncan', '5896 Egestas Road', '1984-07-06', 'P', 1, 1),
(77, 9924, '1664102875099', 'Asher Frye', 'P.O. Box 310, 2444 Donec Rd.', '1990-04-27', 'P', 2, 2),
(78, 9923, '1646021476399', 'Brett Sawyer', '410-146 Lacinia. Ave', '1984-05-27', 'P', 1, 2),
(79, 9922, '1627050281499', 'Gregory Lester', '555-4028 Aliquet, St.', '1975-07-28', 'P', 1, 1),
(80, 9921, '1614100637599', 'Erasmus Humphrey', 'P.O. Box 662, 9339 Dui. Rd.', '1983-07-27', 'P', 2, 1),
(81, 9920, '1632062206199', 'Marvin Miles', 'P.O. Box 470, 5093 Mauris Rd.', '1969-05-14', 'P', 2, 2),
(82, 9919, '1640122471999', 'Travis Osborne', 'Ap #895-5352 Accumsan Rd.', '1970-08-18', 'P', 2, 1),
(83, 9918, '1663051829699', 'Price Cummings', '7311 Vivamus Av.', '1985-08-15', 'P', 2, 1),
(84, 9917, '1664061224299', 'Beck Hughes', '569-5006 Consectetuer, Road', '1967-03-16', 'P', 2, 2),
(85, 9916, '1640010253399', 'Peter Pickett', '4631 Nulla St.', '1977-08-22', 'P', 2, 1),
(86, 9915, '1684042722299', 'Warren Graves', 'Ap #959-487 Est Rd.', '1981-05-23', 'P', 1, 1),
(87, 9914, '1669061256899', 'Timothy Burnett', '613 Cum Av.', '1976-10-15', 'P', 2, 2),
(88, 9913, '1684042671899', 'Samuel Dunn', '8082 Diam. Street', '1984-03-12', 'P', 2, 2),
(89, 9912, '1644092656799', 'Chaim Patrick', '828-8259 Quam Road', '1964-04-18', 'P', 1, 2),
(90, 9911, '1687122017999', 'Robert Preston', '590-8936 Dis Rd.', '1986-05-26', 'P', 1, 2),
(91, 9910, '1683042184699', 'Finn Holman', '277-4280 Vitae Av.', '1966-01-17', 'P', 2, 2),
(92, 9909, '1643110497899', 'Merritt Harrington', 'P.O. Box 966, 1746 Sit Road', '1961-07-22', 'P', 2, 1),
(93, 9908, '1680062994199', 'Evan Raymond', '106-7813 Viverra. St.', '1990-07-12', 'P', 1, 2),
(94, 9907, '1684060583899', 'Graiden Harrison', 'P.O. Box 218, 5106 Integer Road', '1963-01-28', 'P', 1, 2),
(95, 9906, '1676092553499', 'Andrew Parsons', '659-4934 Eu Road', '1982-07-02', 'P', 1, 2),
(96, 9905, '1600072712999', 'Akeem Castillo', '638-3538 Neque Street', '1971-11-20', 'P', 1, 1),
(97, 9904, '1682111046899', 'Alden Donaldson', '157-872 Magnis St.', '1975-06-27', 'P', 1, 1),
(98, 9903, '1653071963599', 'Cameron Grimes', '343-3657 Et, Road', '1979-07-25', 'P', 1, 2),
(99, 9902, '1687101534899', 'Silas Morin', 'P.O. Box 771, 2965 Mi Avenue', '1980-11-17', 'P', 1, 2),
(100, 9901, '1625121693599', 'Simon Haney', '5316 Arcu. St.', '1966-04-22', 'P', 1, 2),
(101, 9900, '1658022235899', 'Cruz Hurst', 'Ap #621-4737 Dignissim Rd.', '1966-05-21', 'P', 2, 2),
(102, 9899, '1699061352199', 'Fritz Harrison', '129 Amet Rd.', '1988-06-01', 'P', 2, 2),
(103, 9898, '1673100227499', 'Buckminster Sloan', 'Ap #751-8721 Congue, Road', '1977-12-28', 'P', 2, 1),
(104, 9897, '1601052362299', 'Kyle Cross', 'P.O. Box 778, 7624 Leo. Street', '1977-10-06', 'P', 2, 2),
(105, 9896, '1694092601299', 'Clark Stanley', '2407 Nec Road', '1971-08-24', 'P', 2, 1),
(106, 9895, '1619110117499', 'Dorian Nixon', '6968 Nunc Street', '1969-07-10', 'P', 2, 1),
(107, 9894, '1692010184699', 'Steven Humphrey', 'Ap #593-6251 Orci Av.', '1975-12-20', 'P', 2, 2),
(108, 9893, '1626072650299', 'Owen Bonner', 'Ap #680-6809 Nullam Road', '1978-09-28', 'P', 2, 1),
(109, 9892, '1650122652499', 'Benedict Myers', '3160 Varius Road', '1968-12-08', 'P', 2, 2),
(110, 9891, '1647070773699', 'Colin Hinton', '373-1705 Pede Street', '1980-08-24', 'P', 1, 1),
(111, 9890, '1656063096399', 'Isaac Hunter', 'P.O. Box 175, 2731 Libero. Avenue', '1981-04-28', 'P', 1, 1),
(112, 9889, '1693021964699', 'Cooper Neal', 'P.O. Box 305, 7700 Vel, Street', '1962-06-30', 'P', 2, 2),
(113, 9888, '1673122580099', 'Lance Moss', 'P.O. Box 535, 9523 Ridiculus St.', '1966-02-24', 'P', 2, 1),
(114, 9887, '1637082532799', 'Kaseem Hoffman', 'Ap #866-9769 Tincidunt St.', '1967-04-09', 'P', 2, 2),
(115, 9886, '1686010544699', 'Lamar Roman', '1353 Velit Av.', '1989-03-17', 'P', 2, 2),
(116, 9885, '1666030782599', 'Graiden Raymond', 'Ap #661-5412 Dolor. Rd.', '1979-01-26', 'P', 1, 2),
(117, 9884, '1607011839899', 'Hayes Calhoun', '7394 Donec Ave', '1965-10-03', 'P', 1, 1),
(118, 9883, '1626021691299', 'Tate Mckinney', '457-3367 Faucibus Road', '1983-04-08', 'P', 1, 2),
(119, 9882, '1687012680199', 'Jesse Peterson', 'P.O. Box 822, 9301 Aliquet Avenue', '1968-04-18', 'P', 2, 2),
(120, 9881, '1627080552699', 'Daniel Fuller', '8509 Sed Street', '1976-12-03', 'P', 2, 2),
(121, 9880, '1672092448899', 'Thane Mayer', '333-3886 Sodales Road', '1961-01-30', 'P', 1, 2),
(122, 9879, '1689011189999', 'Hayden Calderon', 'Ap #494-9213 Urna, Rd.', '1964-06-12', 'P', 2, 2),
(123, 9878, '1607021293199', 'Aquila Mcdowell', 'P.O. Box 457, 9608 Vitae St.', '1980-04-14', 'P', 1, 2),
(124, 9877, '1632121292299', 'Benjamin Mills', 'P.O. Box 716, 1558 Integer Rd.', '1963-12-18', 'P', 2, 2),
(125, 9876, '1664112399499', 'Solomon Romero', 'Ap #983-2943 Nec St.', '1977-04-10', 'P', 1, 2),
(126, 9875, '1635092146999', 'Amal Luna', '8742 Gravida. Av.', '1983-07-02', 'P', 2, 1),
(127, 9874, '1699032566999', 'Henry Petersen', '2469 Aliquet, St.', '1984-10-19', 'P', 2, 1),
(128, 9873, '1640031020599', 'Channing Smith', 'Ap #454-2609 Eget Rd.', '1967-03-30', 'P', 2, 2),
(129, 9872, '1684020951599', 'Griffith Miles', '577-5020 Facilisis, Rd.', '1986-08-02', 'P', 1, 2),
(130, 9871, '1690010883499', 'Lester Foreman', '252-9482 Mi. Road', '1985-07-31', 'P', 1, 2),
(131, 9870, '1676011432199', 'Eaton Booth', '302-9526 Magna Rd.', '1982-02-19', 'P', 2, 2),
(132, 9869, '1686101491799', 'Walker Diaz', 'Ap #521-9316 Diam St.', '1984-11-21', 'P', 2, 2),
(133, 9868, '1646050275299', 'Ali Combs', 'P.O. Box 521, 8383 At, Road', '1979-03-09', 'P', 2, 1),
(134, 9867, '1651092010799', 'Troy Daniels', '8106 Molestie St.', '1986-06-16', 'P', 1, 2),
(135, 9866, '1687123018999', 'Warren Harrell', 'Ap #577-4603 Nam St.', '1962-04-01', 'P', 2, 2),
(136, 9865, '1631110756399', 'Sean Franco', 'Ap #245-6010 Nunc Street', '1976-05-29', 'P', 1, 1),
(137, 9864, '1650012649299', 'Jeremy Lawrence', 'Ap #189-1756 Mi St.', '1968-12-18', 'P', 1, 1),
(138, 9863, '1602112644299', 'Raymond Horton', '914 Quisque Avenue', '1975-05-18', 'P', 1, 1),
(139, 9862, '1644030927699', 'Colt Hancock', 'Ap #678-5414 Nisi. Road', '1974-11-15', 'P', 2, 2),
(140, 9861, '1662010695399', 'Francis Hartman', '3161 Ipsum Av.', '1965-11-20', 'P', 1, 2),
(141, 9860, '1663062707799', 'Edan Maxwell', 'Ap #249-342 Semper Rd.', '1981-06-13', 'P', 1, 1),
(142, 9859, '1606091870399', 'Michael Tucker', 'P.O. Box 964, 9958 Praesent Rd.', '1962-06-09', 'P', 1, 2),
(143, 9858, '1664080336599', 'Garrison Wilson', 'Ap #955-3657 Id Av.', '1976-06-05', 'P', 2, 1),
(144, 9857, '1678101543699', 'Colton Chen', '8733 Dolor. Avenue', '1982-02-25', 'P', 2, 2),
(145, 9856, '1611042634599', 'Brandon Valencia', 'P.O. Box 462, 7461 Mauris Rd.', '1989-02-22', 'P', 1, 2),
(146, 9855, '1689082042299', 'Noble Love', 'Ap #253-2925 Nec, Road', '1972-07-03', 'P', 1, 2),
(147, 9854, '1661072009999', 'Hall Phelps', '268 Augue Av.', '1978-03-24', 'P', 1, 2),
(148, 9853, '1601102750799', 'Ahmed Franco', '863-4028 Mauris Av.', '1971-01-13', 'P', 1, 2),
(149, 9852, '1635081821699', 'Oliver Rivera', 'Ap #384-5480 Dui. Road', '1964-04-03', 'P', 2, 2),
(150, 9851, '1650011178799', 'Patrick Silva', '870-5602 Ipsum. Road', '1986-11-28', 'P', 2, 2),
(151, 9850, '1618100772999', 'Stephen Prince', 'P.O. Box 312, 853 Consectetuer, Av.', '1988-12-12', 'P', 2, 2),
(152, 9849, '1617120220799', 'Quinlan Carlson', '5915 Facilisis Av.', '1965-01-09', 'P', 2, 1),
(153, 9848, '1663090942399', 'Colby Tyson', 'Ap #248-6544 Maecenas Avenue', '1974-02-02', 'P', 1, 2),
(154, 9847, '1624091519299', 'Elvis Walsh', 'Ap #729-2410 Lorem, Ave', '1987-10-28', 'P', 1, 2),
(155, 9846, '1673120268899', 'Garrison Goodman', 'P.O. Box 297, 6641 Pellentesque Rd.', '1965-10-16', 'P', 1, 2),
(156, 9845, '1696072316499', 'Rooney Baldwin', '9377 Et, Ave', '1967-02-23', 'P', 1, 2),
(157, 9844, '1659011960299', 'Kaseem Johnson', '7933 Amet, Av.', '1962-03-05', 'P', 1, 2),
(158, 9843, '1640031160399', 'Ahmed Dawson', '431-628 Pretium Rd.', '1972-05-15', 'P', 1, 2),
(159, 9842, '1623062908299', 'Paul Walls', '677-8839 Tincidunt Av.', '1975-01-26', 'P', 2, 1),
(160, 9841, '1673122124799', 'Graiden Noel', 'Ap #558-1367 Pellentesque St.', '1986-08-10', 'P', 1, 1),
(161, 9840, '1637091746399', 'Jamal Black', '2532 Donec St.', '1966-04-03', 'P', 1, 2),
(162, 9839, '1629062378599', 'Cooper Davidson', '210-5855 Aenean Avenue', '1973-03-05', 'P', 1, 1),
(163, 9838, '1690121163199', 'Forrest Haney', 'P.O. Box 452, 592 Curabitur Rd.', '1978-02-21', 'P', 1, 2),
(164, 9837, '1686081242899', 'Mark Brooks', '3194 Et Rd.', '1980-01-12', 'P', 2, 2),
(165, 9836, '1627041432099', 'Walker Aguilar', '1097 Fermentum Rd.', '1964-08-26', 'P', 1, 1),
(166, 9835, '1605073062299', 'Chase Pearson', '562-6278 Integer Avenue', '1985-01-18', 'P', 1, 2),
(167, 9834, '1667103077299', 'Cain Alexander', 'P.O. Box 561, 4459 Ipsum Av.', '1962-09-16', 'P', 2, 1),
(168, 9833, '1672061953099', 'Davis Suarez', '7050 Aliquam Ave', '1978-09-18', 'P', 2, 2),
(169, 9832, '1622080319799', 'Raja Jimenez', '862-890 Vel Rd.', '1980-05-17', 'P', 1, 1),
(170, 9831, '1634010951099', 'Kennedy Marquez', 'P.O. Box 877, 3978 Massa. St.', '1976-06-25', 'P', 2, 1),
(171, 9830, '1633021784499', 'Jack Hendrix', '5720 Eu St.', '1970-05-31', 'P', 2, 2),
(172, 9829, '1685121986199', 'Guy Graham', 'P.O. Box 633, 3400 Sagittis St.', '1982-10-24', 'P', 1, 2),
(173, 9828, '1604122459099', 'Dale Cummings', '3900 Tempor Avenue', '1966-03-06', 'P', 1, 2),
(174, 9827, '1616040708099', 'Tanek Landry', 'P.O. Box 593, 7846 Proin Ave', '1972-05-23', 'P', 1, 2),
(175, 9826, '1639121657499', 'Chancellor Stephens', '3679 Varius Avenue', '1980-02-07', 'P', 1, 1),
(176, 9825, '1670041769999', 'Thane Wallace', 'Ap #271-8231 Mauris Av.', '1989-05-18', 'P', 2, 1),
(177, 9824, '1678060714199', 'Fritz Mckenzie', '1084 Ornare St.', '1974-12-28', 'P', 2, 2),
(178, 9823, '1667082850699', 'Kenneth Weiss', '245-1933 Molestie Street', '1964-09-16', 'P', 1, 1),
(179, 9822, '1632123022199', 'Brandon Fisher', 'P.O. Box 933, 543 At Road', '1987-02-26', 'P', 1, 2),
(180, 9821, '1673092023699', 'Kamal Valenzuela', 'P.O. Box 201, 2937 Ligula. St.', '1976-01-03', 'P', 1, 2),
(181, 9820, '1661062893099', 'Amery Fulton', '413 Vestibulum St.', '1961-08-07', 'P', 2, 1),
(182, 9819, '1699070324799', 'Elton Duncan', '841-1688 Eget, Rd.', '1985-09-18', 'P', 1, 2),
(183, 9818, '1680121123699', 'Keefe Buckley', '4647 Semper Rd.', '1970-10-24', 'P', 2, 1),
(184, 9817, '1621120965399', 'Nathan Tyler', 'Ap #119-1603 Scelerisque Rd.', '1980-05-21', 'P', 1, 2),
(185, 9816, '1645110780399', 'Warren Randall', 'Ap #172-8163 Nec, Street', '1988-06-24', 'P', 2, 1),
(186, 9815, '1645040534099', 'Baxter Berg', '817-1144 Amet, Road', '1965-09-22', 'P', 2, 1),
(187, 9814, '1647073012999', 'Erasmus Merrill', '629-7003 Dui. Avenue', '1982-01-24', 'P', 1, 2),
(188, 9813, '1660082622999', 'Dennis Bowman', 'Ap #327-1753 Facilisis, Road', '1962-08-10', 'P', 2, 1),
(189, 9812, '1623041367499', 'Jacob Underwood', '3965 Leo Ave', '1973-04-18', 'P', 1, 2),
(190, 9811, '1664052021699', 'Hakeem Cooley', 'P.O. Box 381, 3960 Aliquet, Av.', '1969-01-30', 'P', 2, 1),
(191, 9810, '1665032203899', 'Judah Powell', '756-1370 Vel Rd.', '1966-07-17', 'P', 1, 1),
(192, 9809, '1645020175699', 'Keane Cummings', '4273 Non, Rd.', '1985-11-18', 'P', 2, 1),
(193, 9808, '1673121180199', 'Rudyard Bowen', 'Ap #404-1475 Risus Road', '1983-05-24', 'P', 1, 2),
(194, 9807, '1681012215499', 'Ignatius Hill', '4699 Sociis Rd.', '1978-01-02', 'P', 2, 1),
(195, 9806, '1606122333699', 'Lucius Lyons', '6178 Sit Ave', '1975-02-24', 'P', 1, 1),
(196, 9805, '1699092666399', 'Melvin Gentry', 'Ap #371-4805 Enim. Av.', '1984-10-15', 'P', 2, 2),
(197, 9804, '1633110434599', 'Lucas Russo', '585-2748 Diam Avenue', '1976-11-28', 'P', 2, 1),
(198, 9803, '1659050227099', 'Cedric Suarez', 'Ap #268-7546 Urna. Avenue', '1972-10-31', 'P', 1, 1),
(199, 9802, '1614102913199', 'Bert Cameron', 'P.O. Box 593, 7300 Rutrum Rd.', '1973-06-26', 'P', 1, 1),
(200, 9801, '1663022099699', 'Ryan Kennedy', '532-2328 Nam Street', '1969-09-22', 'P', 1, 2),
(201, 9800, '1680101429099', 'Lewis Fox', '952-9381 Velit Avenue', '1987-01-09', 'P', 1, 2),
(202, 9799, '1612051010899', 'Logan Golden', '966-5999 Tincidunt. Ave', '1972-07-12', 'P', 1, 2),
(203, 9798, '1696090301899', 'Wyatt Mcfadden', 'P.O. Box 441, 694 Nibh Ave', '1968-11-03', 'P', 2, 1),
(204, 9797, '1645072928099', 'Dorian Daniels', '8726 Sed Rd.', '1981-01-24', 'P', 2, 2),
(205, 9796, '1674040446899', 'Kennan Kline', 'P.O. Box 796, 5557 Justo St.', '1986-04-15', 'P', 1, 1),
(206, 9795, '1617102756999', 'Raphael Carson', 'P.O. Box 844, 8062 Dictum Avenue', '1990-09-12', 'P', 1, 2),
(207, 9794, '1663022729999', 'Cody Mcintyre', 'Ap #744-980 Nunc Rd.', '1985-11-14', 'P', 2, 1),
(208, 9793, '1606030857399', 'Vincent Ball', 'P.O. Box 801, 4150 Rutrum, St.', '1979-03-01', 'P', 2, 1),
(209, 9792, '1678040754599', 'Noah Buck', 'Ap #177-6989 Enim. Road', '1963-03-06', 'P', 1, 1),
(210, 9791, '1635021497399', 'Keith Walsh', 'Ap #817-6376 Quam. Ave', '1965-09-19', 'P', 1, 1),
(211, 9790, '1673010986699', 'Anthony Stephens', 'P.O. Box 155, 7591 Vitae, St.', '1977-11-23', 'P', 1, 1),
(212, 9789, '1625023007299', 'John Hays', 'P.O. Box 195, 1018 Quam Av.', '1985-09-05', 'P', 1, 1),
(213, 9788, '1693122964099', 'Griffin Clark', '711-3023 In Street', '1974-09-04', 'P', 2, 2),
(214, 9787, '1649051287699', 'Gregory Sweet', '4391 Ultrices, Ave', '1982-11-17', 'P', 2, 2),
(215, 9786, '1656082899599', 'Rahim Trevino', 'Ap #389-1345 Egestas. Ave', '1969-01-28', 'P', 2, 2),
(216, 9785, '1662081737799', 'Thane Delaney', 'P.O. Box 549, 7526 Sed Rd.', '1970-05-24', 'P', 1, 1),
(217, 9784, '1607021446499', 'Reece Preston', '645-8646 Natoque St.', '1965-02-12', 'P', 2, 2),
(218, 9783, '1660041614799', 'Valentine Webster', '5599 Nunc Street', '1968-09-22', 'P', 2, 1),
(219, 9782, '1682030341299', 'Cooper Hurley', '697-1907 Tristique Road', '1967-12-25', 'P', 2, 1),
(220, 9781, '1634050768199', 'Akeem Davenport', 'P.O. Box 314, 5159 Suscipit Rd.', '1980-08-27', 'P', 1, 1),
(221, 9780, '1624121348599', 'Quamar Morris', 'Ap #889-2916 Gravida Avenue', '1981-11-25', 'P', 1, 1),
(222, 9779, '1605052643599', 'Kaseem Reeves', '108 Feugiat Rd.', '1977-10-24', 'P', 2, 1),
(223, 9778, '1699120612999', 'Simon Merritt', 'P.O. Box 299, 2013 Dapibus Av.', '1961-03-11', 'P', 1, 2),
(224, 9777, '1634090300599', 'Rudyard Walter', 'Ap #332-7823 Aliquam Rd.', '1980-06-25', 'P', 1, 2),
(225, 9776, '1608011791599', 'Bruce Peters', 'Ap #713-5028 Sed St.', '1987-04-28', 'P', 1, 2),
(226, 9775, '1689022098299', 'Boris Lara', 'P.O. Box 684, 9688 Sed St.', '1970-04-16', 'P', 2, 2),
(227, 9774, '1646032529099', 'Cedric Prince', 'Ap #309-3543 Dui Ave', '1962-07-01', 'P', 1, 2),
(228, 9773, '1609070310099', 'Philip Dorsey', '4597 Consectetuer Street', '1987-03-15', 'P', 2, 1),
(229, 9772, '1689071326699', 'Hasad Nunez', '4102 Donec St.', '1969-07-11', 'P', 1, 1),
(230, 9771, '1612121781199', 'Hayes Cooley', 'Ap #514-5291 Ipsum. Rd.', '1982-09-18', 'P', 1, 1),
(231, 9770, '1688030304499', 'Otto Meyers', 'P.O. Box 204, 2897 Eu Road', '1974-04-09', 'P', 2, 1),
(232, 9769, '1617061679799', 'Emmanuel Snyder', '586-9520 Malesuada Avenue', '1966-11-21', 'P', 1, 2),
(233, 9768, '1635042377199', 'Ali Wong', 'P.O. Box 476, 5167 Donec Av.', '1979-06-30', 'P', 2, 2),
(234, 9767, '1678050663199', 'Lyle Norris', '9498 Vestibulum St.', '1980-04-05', 'P', 2, 1),
(235, 9766, '1626091214899', 'Rooney Gentry', '6522 Rutrum Avenue', '1967-01-11', 'P', 2, 2),
(236, 9765, '1691122111899', 'Walker Hayden', '664-5987 Condimentum. Street', '1990-01-07', 'P', 2, 1),
(237, 9764, '1678031666799', 'Erasmus Buckner', '2369 Fermentum Av.', '1979-04-05', 'P', 2, 2),
(238, 9763, '1632061886699', 'Kasimir Macdonald', '919-5168 Dui. Rd.', '1963-02-15', 'P', 1, 2),
(239, 9762, '1644031521899', 'Mannix Whitaker', '1584 Eu, Street', '1975-08-28', 'P', 1, 2),
(240, 9761, '1699010127499', 'Dominic Dennis', 'P.O. Box 765, 3966 Ultricies Rd.', '1974-04-11', 'P', 2, 2),
(241, 9760, '1608031467999', 'Upton Riley', 'Ap #789-533 Eu, St.', '1988-11-29', 'P', 1, 1),
(242, 9759, '1658062003299', 'Jacob Wiggins', '1383 Aliquam Road', '1989-04-17', 'P', 1, 2),
(243, 9758, '1620110373799', 'Nissim Parsons', 'Ap #576-5489 Luctus St.', '1986-10-25', 'P', 2, 2),
(244, 9757, '1646011648499', 'Callum Charles', 'P.O. Box 160, 1676 Ipsum. Road', '1964-03-02', 'P', 1, 1),
(245, 9756, '1622122565399', 'Elmo Hess', 'Ap #716-5093 Sed Avenue', '1968-01-22', 'P', 2, 2),
(246, 9755, '1685082180999', 'Hu Haley', 'P.O. Box 631, 2663 Eu Rd.', '1978-02-03', 'P', 2, 2),
(247, 9754, '1624092139199', 'Salvador Stevens', '932-3131 Commodo St.', '1984-01-03', 'P', 1, 2),
(248, 9753, '1622011991999', 'Tate Davidson', 'Ap #769-1855 Senectus Street', '1971-03-23', 'P', 2, 2),
(249, 9752, '1615081754499', 'Alvin Ryan', 'Ap #678-1500 Fringilla Ave', '1968-06-23', 'P', 1, 1),
(250, 9751, '1662022008599', 'Reed West', '7721 Tincidunt Rd.', '1967-01-05', 'P', 2, 2),
(251, 9750, '1648080775899', 'Samson Robles', '620-1296 Hendrerit St.', '1978-12-23', 'P', 1, 2),
(252, 9749, '1609112292899', 'Hall Small', '6385 Metus. Road', '1986-08-02', 'P', 1, 2),
(253, 9748, '1637070632899', 'Arden Ryan', '2563 Tristique Rd.', '1966-02-04', 'P', 2, 1),
(254, 9747, '1642030714399', 'Damon Garrison', 'Ap #258-6915 Mi St.', '1980-10-21', 'P', 2, 1),
(255, 9746, '1636101034599', 'Duncan Pate', 'Ap #233-2453 Turpis. Ave', '1988-06-23', 'P', 2, 2),
(256, 9745, '1607050346599', 'Cairo Buckner', '9177 Luctus St.', '1966-04-23', 'P', 2, 1),
(257, 9744, '1640110140299', 'Martin Hinton', 'Ap #884-8802 Luctus. Rd.', '1981-03-10', 'P', 1, 2),
(258, 9743, '1617042642699', 'Declan Koch', '231-1139 Lectus St.', '1990-06-14', 'P', 2, 2),
(259, 9742, '1619021739499', 'Hyatt Riley', 'P.O. Box 799, 9432 Duis Rd.', '1969-05-16', 'P', 2, 2),
(260, 9741, '1622040721799', 'Randall Rowland', 'Ap #923-6275 Congue Rd.', '1971-10-14', 'P', 1, 1),
(261, 9740, '1629110994199', 'Roth Ratliff', '705-9545 Nec, St.', '1975-04-22', 'P', 2, 2),
(262, 9739, '1680112328299', 'Kenneth Allison', '620-8501 Metus. Av.', '1961-09-09', 'P', 2, 2),
(263, 9738, '1639023056099', 'Stewart Sawyer', 'Ap #290-3822 Et, Street', '1982-02-23', 'P', 1, 1),
(264, 9737, '1661082988699', 'Richard Dawson', 'P.O. Box 593, 5506 Dictum Rd.', '1984-12-02', 'P', 2, 1),
(265, 9736, '1652062005699', 'Declan Paul', 'P.O. Box 506, 3628 Tristique Rd.', '1979-06-17', 'P', 2, 2),
(266, 9735, '1629080309799', 'Ferdinand Whitney', '9919 Elementum St.', '1969-10-07', 'P', 2, 1),
(267, 9734, '1647111514099', 'Leroy Boyle', '945-3078 Bibendum Rd.', '1966-02-23', 'P', 2, 2),
(268, 9733, '1605112489799', 'Edward Nash', '8335 Nisi. St.', '1983-10-28', 'P', 1, 2),
(269, 9732, '1679011374499', 'Theodore Mejia', '239-9202 Tellus St.', '1982-01-01', 'P', 1, 2),
(270, 9731, '1637120490999', 'Russell Barnes', 'Ap #276-1327 Eu Avenue', '1978-06-25', 'P', 1, 2),
(271, 9730, '1690073085099', 'Ali Burns', 'P.O. Box 978, 8013 Et Road', '1979-11-22', 'P', 2, 2),
(272, 9729, '1646061081999', 'Aaron Cohen', '372-1123 Lectus Avenue', '1978-09-09', 'P', 1, 1),
(273, 9728, '1683061275099', 'Lee Baldwin', '600-1335 Non Street', '1965-09-25', 'P', 1, 2),
(274, 9727, '1624040963999', 'Kaseem Ayala', 'P.O. Box 121, 3884 Fusce Rd.', '1974-08-19', 'P', 2, 2),
(275, 9726, '1632112656699', 'Calvin Miranda', '290-8300 Metus Road', '1965-02-13', 'P', 2, 2),
(276, 9725, '1657011381299', 'Nash Bradford', '826-3409 Nascetur Av.', '1973-11-07', 'P', 2, 2),
(277, 9724, '1623033075299', 'Garth Hicks', 'P.O. Box 929, 5241 Auctor Street', '1964-09-26', 'P', 2, 1),
(278, 9723, '1626051634099', 'Rogan Montgomery', '492-1357 Elit St.', '1973-05-30', 'P', 2, 2),
(279, 9722, '1670100558099', 'Arthur Garrett', 'Ap #864-9220 Mattis. Rd.', '1987-12-05', 'P', 2, 2),
(280, 9721, '1601041554399', 'Honorato Cox', '119-2739 Egestas. St.', '1986-03-01', 'P', 1, 2),
(281, 9720, '1648030823599', 'Dieter Moon', 'Ap #940-5383 Lectus St.', '1979-05-16', 'P', 1, 1),
(282, 9719, '1679081542799', 'Cade Kirby', 'P.O. Box 912, 8667 Adipiscing St.', '1988-08-11', 'P', 1, 1),
(283, 9718, '1688012451899', 'Marvin Herring', 'Ap #402-4183 Dui, Av.', '1971-10-10', 'P', 2, 1),
(284, 9717, '1602070788299', 'Wyatt Whitney', '1173 Ipsum Rd.', '1982-09-02', 'P', 1, 2),
(285, 9716, '1621051224399', 'Lee Simon', 'P.O. Box 611, 7024 Fermentum Avenue', '1987-09-16', 'P', 1, 1),
(286, 9715, '1637073007399', 'Brent Schwartz', '747-8741 Aliquet Av.', '1979-09-12', 'P', 2, 2),
(287, 9714, '1649050942699', 'Damon Carey', 'Ap #234-6229 Sed, Street', '1970-08-21', 'P', 1, 1),
(288, 9713, '1698041538399', 'Macon Andrews', 'P.O. Box 842, 7046 Mauris Road', '1983-01-21', 'P', 1, 1),
(289, 9712, '1634021520699', 'Jarrod Ewing', '6451 Eget Street', '1981-01-23', 'P', 2, 1),
(290, 9711, '1680061779999', 'Chandler Giles', 'Ap #806-9372 Adipiscing Av.', '1985-12-24', 'P', 2, 2),
(291, 9710, '1689080555299', 'Tobias Moran', '8543 Eleifend, Road', '1961-03-19', 'P', 1, 1),
(292, 9709, '1696110271499', 'Jakeem Mcleod', '682-470 At Avenue', '1962-01-18', 'P', 2, 1),
(293, 9708, '1655062013799', 'Beau Mcmahon', '8466 Volutpat St.', '1988-03-16', 'P', 2, 2),
(294, 9707, '1689052320199', 'Cedric Hammond', 'Ap #817-2740 Quis Street', '1960-11-25', 'P', 1, 2),
(295, 9706, '1615072106799', 'Lamar Herring', 'P.O. Box 742, 6144 Amet Avenue', '1969-02-17', 'P', 1, 2),
(296, 9705, '1609101963099', 'Micah Mullins', '6831 Tincidunt Ave', '1972-08-31', 'P', 2, 1),
(297, 9704, '1648012993699', 'Hop Tyson', '1216 Mauris St.', '1964-01-23', 'P', 2, 2),
(298, 9703, '1651100435799', 'August Hammond', 'P.O. Box 491, 1233 Ut Road', '1981-07-31', 'P', 2, 2),
(299, 9702, '1606052148399', 'Cain Garrett', '204-6403 Porttitor St.', '1987-09-14', 'P', 2, 2),
(300, 9701, '1682112572299', 'Armando Bray', 'P.O. Box 508, 830 Eu, Rd.', '1967-12-13', 'P', 2, 2),
(301, 9700, '1671062943899', 'Erich Glass', '991-7253 Aliquam Av.', '1972-02-29', 'P', 1, 1),
(302, 9699, '1639010108999', 'Hyatt Figueroa', 'P.O. Box 205, 1194 Et Avenue', '1980-09-11', 'P', 1, 2),
(303, 9698, '1626081951899', 'Oscar Boyer', 'P.O. Box 892, 804 A, Road', '1986-12-13', 'P', 2, 2),
(304, 9697, '1671022782999', 'Castor Nelson', '504-7992 Porttitor St.', '1965-08-23', 'P', 1, 2),
(305, 9696, '1623111760899', 'Elvis Maynard', '7012 Ante. Ave', '1969-07-02', 'P', 2, 2),
(306, 9695, '1614121460199', 'Nolan Thomas', 'P.O. Box 466, 8946 Egestas. Rd.', '1985-05-26', 'P', 2, 1),
(307, 9694, '1609080577699', 'Cruz Patrick', 'Ap #594-3713 Sollicitudin Rd.', '1972-08-03', 'P', 2, 1),
(308, 9693, '1682091413799', 'Noah Gill', '6579 Turpis St.', '1968-10-26', 'P', 1, 2),
(309, 9692, '1667011791299', 'Norman Nguyen', '5013 Ultrices Rd.', '1965-01-20', 'P', 2, 1),
(310, 9691, '1625050399399', 'Melvin Byers', 'Ap #693-6004 Etiam Ave', '1970-07-28', 'P', 1, 1),
(311, 9690, '1678100997999', 'Wyatt Harvey', '368-3882 Sodales St.', '1973-09-16', 'P', 2, 2),
(312, 9689, '1650060453299', 'Lee Donovan', 'Ap #510-3920 Tellus Street', '1984-05-19', 'P', 2, 1),
(313, 9688, '1674010428799', 'Wayne Perry', 'Ap #935-8588 Adipiscing, Street', '1972-05-10', 'P', 1, 2),
(314, 9687, '1647050948399', 'Leonard French', 'P.O. Box 857, 5356 Imperdiet St.', '1966-12-11', 'P', 2, 2),
(315, 9686, '1661032623899', 'Charles Santiago', 'Ap #830-9349 Sem Rd.', '1984-03-07', 'P', 1, 2),
(316, 9685, '1657121529199', 'Reed Burgess', 'P.O. Box 789, 4006 Neque Ave', '1971-09-09', 'P', 1, 1),
(317, 9684, '1645010266699', 'Slade Montgomery', 'P.O. Box 788, 4296 Nunc Av.', '1963-06-21', 'P', 1, 1),
(318, 9683, '1623102837999', 'Phelan Moss', '5088 Lectus, Street', '1978-03-18', 'P', 1, 1),
(319, 9682, '1677120589799', 'Brandon Hall', 'Ap #886-3946 Nonummy Street', '1982-06-28', 'P', 1, 1),
(320, 9681, '1644012962799', 'Basil Kent', 'P.O. Box 106, 1675 Justo St.', '1963-02-13', 'P', 1, 2),
(321, 9680, '1683041302499', 'Bert Hobbs', '8486 Erat, Rd.', '1990-04-23', 'P', 1, 2),
(322, 9679, '1624082067199', 'Carl Sloan', '7338 Elementum, St.', '1986-05-12', 'P', 2, 2),
(323, 9678, '1656081519499', 'Hyatt Pena', '4721 Ornare St.', '1980-02-21', 'P', 2, 2),
(324, 9677, '1633113044099', 'Neville Bray', 'P.O. Box 585, 9064 Ante. Road', '1985-06-01', 'P', 2, 1),
(325, 9676, '1629052247599', 'Harrison Estes', '102-9155 Ac Rd.', '1961-10-17', 'P', 2, 1),
(326, 9675, '1684050956399', 'Elijah Fleming', '6346 Penatibus St.', '1981-06-01', 'P', 2, 1),
(327, 9674, '1668110309699', 'Henry Alvarado', 'P.O. Box 411, 3442 Tristique Rd.', '1972-10-13', 'P', 1, 1),
(328, 9673, '1634022545299', 'Vincent Abbott', 'Ap #567-8283 Tellus Avenue', '1972-04-12', 'P', 2, 2),
(329, 9672, '1653032195499', 'Keegan Benson', 'Ap #496-8386 Amet, St.', '1986-04-15', 'P', 2, 2),
(330, 9671, '1638041949499', 'Flynn Buckner', 'Ap #548-861 Integer Avenue', '1969-12-09', 'P', 1, 1),
(331, 9670, '1639051003899', 'Denton Wall', '914-7744 Blandit. Av.', '1965-02-04', 'P', 2, 2),
(332, 9669, '1635082296899', 'Dustin Maxwell', '8348 Risus. Street', '1972-06-06', 'P', 1, 2),
(333, 9668, '1654070681899', 'Gavin Gillespie', 'P.O. Box 798, 4860 Nullam Rd.', '1982-09-30', 'P', 2, 2),
(334, 9667, '1630081054899', 'Dennis Beck', 'Ap #772-7533 Nunc Ave', '1977-12-03', 'P', 2, 2),
(335, 9666, '1612091279899', 'Holmes Ferrell', '2594 Aliquam St.', '1976-06-08', 'P', 1, 2),
(336, 9665, '1610011348199', 'Jonas Henderson', 'Ap #384-8898 Dolor Ave', '1975-12-17', 'P', 1, 1),
(337, 9664, '1611070698399', 'Kuame Humphrey', '954-635 Proin Ave', '1985-05-01', 'P', 1, 2),
(338, 9663, '1669122862799', 'Benjamin Stone', '218-3947 Odio Ave', '1965-07-04', 'P', 2, 1),
(339, 9662, '1607091381399', 'Eric Dominguez', '194-7941 Nibh. St.', '1976-11-27', 'P', 2, 2),
(340, 9661, '1656011902699', 'Jonah Chandler', '1526 Ultricies St.', '1975-04-11', 'P', 2, 1),
(341, 9660, '1670011097099', 'Ivan Park', 'P.O. Box 401, 3830 Ornare Ave', '1977-11-26', 'P', 1, 2),
(342, 9659, '1697081371899', 'John Wall', 'Ap #595-7618 Cubilia Ave', '1990-01-26', 'P', 1, 2),
(343, 9658, '1662121695299', 'Grady Soto', '947 In Rd.', '1962-09-20', 'P', 2, 2),
(344, 9657, '1607012733399', 'Addison Mayo', '5631 Eu, Street', '1982-01-25', 'P', 1, 2),
(345, 9656, '1667110533399', 'Colton Cameron', '1251 A St.', '1967-05-12', 'P', 2, 2),
(346, 9655, '1603070267599', 'Mufutau Berg', '3123 Ipsum. St.', '1983-10-11', 'P', 2, 1),
(347, 9654, '1606121303599', 'Xander Dunlap', 'Ap #865-731 Iaculis Ave', '1987-11-29', 'P', 2, 2),
(348, 9653, '1605101678299', 'Lucian Barron', '375-7633 Curabitur Road', '1962-10-14', 'P', 2, 1),
(349, 9652, '1606021457899', 'Camden Parker', '2472 Donec St.', '1988-05-13', 'P', 2, 2),
(350, 9651, '1695051629699', 'Keaton Sweet', '312-8930 Euismod Rd.', '1962-05-18', 'P', 1, 2),
(351, 9650, '1637051829199', 'Sean Webster', '785-4621 Pede, Rd.', '1964-10-04', 'P', 1, 1),
(352, 9649, '1660101153499', 'Hamilton Spears', '188-9125 Aliquet Avenue', '1961-02-10', 'P', 2, 2),
(353, 9648, '1683071051399', 'Harper Morton', '2122 Nullam Av.', '1967-12-21', 'P', 2, 2),
(354, 9647, '1626030255399', 'Alvin Nguyen', '2994 Risus. St.', '1976-12-18', 'P', 2, 2),
(355, 9646, '1683031826899', 'Solomon Patterson', 'P.O. Box 153, 3459 Ipsum Street', '1967-08-11', 'P', 2, 1),
(356, 9645, '1602052784299', 'Victor Irwin', 'Ap #163-4298 Tellus Street', '1970-05-11', 'P', 2, 2),
(357, 9644, '1689020113999', 'Elijah Garza', '285 Mauris Rd.', '1973-11-12', 'P', 2, 2),
(358, 9643, '1637020368399', 'Samuel Larson', 'Ap #487-3108 Mauris, St.', '1964-09-11', 'P', 2, 2),
(359, 9642, '1682091355599', 'Tyler Byers', '4325 Dolor. Av.', '1984-07-12', 'P', 2, 2),
(360, 9641, '1662062076799', 'Nathan Solomon', '9878 Habitant St.', '1979-04-15', 'P', 1, 1),
(361, 9640, '1678022972999', 'Arsenio Watson', 'Ap #817-2538 In Av.', '1983-08-08', 'P', 1, 1),
(362, 9639, '1661022083499', 'Fritz Rodgers', '366-447 Facilisis Rd.', '1969-02-02', 'P', 2, 2),
(363, 9638, '1675031779199', 'Dillon Rose', 'Ap #832-8791 Enim. Av.', '1980-12-28', 'P', 2, 1),
(364, 9637, '1613112495899', 'Isaac Rowland', '471-8498 Blandit Street', '1972-12-08', 'P', 1, 2),
(365, 9636, '1605091050599', 'Sawyer Sherman', 'P.O. Box 446, 7577 Nunc Av.', '1971-12-31', 'P', 2, 2),
(366, 9635, '1650092826399', 'Bernard William', '660-6769 Sed Av.', '1966-12-17', 'P', 2, 2),
(367, 9634, '1649081612099', 'Colby Adkins', '520 Tempus Avenue', '1981-12-02', 'P', 1, 1),
(368, 9633, '1617060392499', 'Harrison Miller', '2819 Consectetuer Road', '1978-01-11', 'P', 1, 1),
(369, 9632, '1663111536199', 'Malcolm Peters', '495-8336 Lorem Rd.', '1989-02-10', 'P', 1, 2),
(370, 9631, '1628032088599', 'Maxwell Ford', '378-8965 Enim. Rd.', '1988-07-08', 'P', 1, 1),
(371, 9630, '1668100614399', 'Samuel Blevins', 'Ap #800-9257 Neque. Av.', '1980-12-06', 'P', 2, 2),
(372, 9629, '1641111351199', 'Orlando Skinner', '833-3338 Nunc Rd.', '1973-08-08', 'P', 2, 2),
(373, 9628, '1604051389799', 'Brandon Conner', '1960 Et, Road', '1965-11-19', 'P', 2, 2),
(374, 9627, '1624091345399', 'Macaulay Dixon', '276-9367 Nec Rd.', '1962-10-17', 'P', 1, 2),
(375, 9626, '1603100560099', 'Raphael Owen', '540-6018 Nisl Rd.', '1983-03-09', 'P', 2, 2),
(376, 9625, '1658042671699', 'Barrett Tanner', '3186 Interdum. Ave', '1962-02-24', 'P', 1, 2),
(377, 9624, '1644032432599', 'Chadwick Serrano', 'Ap #585-1474 Mus. Av.', '1978-12-29', 'P', 2, 1),
(378, 9623, '1696011102899', 'Maxwell Haley', 'P.O. Box 777, 6980 Dui. Street', '1976-05-08', 'P', 1, 2),
(379, 9622, '1641030665199', 'Macaulay Potts', '440-9171 Commodo Rd.', '1982-03-08', 'P', 2, 1),
(380, 9621, '1699062976799', 'Tate Flowers', '394-2646 Mus. Rd.', '1976-10-04', 'P', 1, 2),
(381, 9620, '1647070186499', 'Tobias Levine', 'Ap #652-9462 Turpis. Street', '1969-02-14', 'P', 2, 2),
(382, 9619, '1688030714399', 'Ryder Finch', '483-1863 Rutrum St.', '1979-10-06', 'P', 1, 1),
(383, 9618, '1643121904499', 'Colt Bradshaw', '433-5861 Lorem, St.', '1976-09-26', 'P', 1, 2),
(384, 9617, '1658071633999', 'Ahmed Mcfadden', '2016 Integer Av.', '1988-12-29', 'P', 2, 1),
(385, 9616, '1622072173299', 'Sean Collier', '777-8491 Integer Road', '1962-01-31', 'P', 2, 1),
(386, 9615, '1636082595199', 'Mannix Benton', 'P.O. Box 803, 121 Mattis. Road', '1964-02-01', 'P', 2, 2),
(387, 9614, '1612102640399', 'Tanner Mcfarland', '1400 Montes, St.', '1962-03-07', 'P', 1, 2),
(388, 9613, '1604101641699', 'Scott Berry', '398-2283 Scelerisque Street', '1981-09-13', 'P', 2, 1),
(389, 9612, '1621100594799', 'Elvis Mcdaniel', '8624 Sodales Av.', '1981-03-25', 'P', 1, 1),
(390, 9611, '1691020589399', 'Zeus Boyle', 'P.O. Box 165, 4262 Imperdiet, Ave', '1978-03-10', 'P', 1, 1),
(391, 9610, '1635062380399', 'Eagan Daniel', '5879 Odio Ave', '1966-05-09', 'P', 1, 2),
(392, 9609, '1604071937799', 'Sebastian Daugherty', 'P.O. Box 262, 2280 Enim, Ave', '1972-11-16', 'P', 1, 1),
(393, 9608, '1659092944099', 'Howard Robinson', 'Ap #660-1249 Ullamcorper, Rd.', '1983-12-03', 'P', 1, 2),
(394, 9607, '1676030506699', 'Abraham Cantu', 'Ap #417-5521 Cras Road', '1985-01-16', 'P', 1, 2),
(395, 9606, '1644031940999', 'Bradley Nolan', '7298 Vestibulum St.', '1968-07-10', 'P', 1, 2),
(396, 9605, '1692102185199', 'Isaiah Roberson', '328-3886 Quisque Street', '1977-07-17', 'P', 1, 1),
(397, 9604, '1676070426499', 'Ivan Hoover', 'P.O. Box 782, 7822 Eros Ave', '1968-10-22', 'P', 1, 1),
(398, 9603, '1671040900199', 'Jarrod Bradshaw', '4600 Tellus. Road', '1980-04-08', 'P', 1, 1),
(399, 9602, '1680092010199', 'Amery Middleton', 'Ap #964-5277 Nunc Rd.', '1967-04-14', 'P', 2, 2),
(400, 9601, '1678060462799', 'Rahim Nichols', 'Ap #108-7652 Lorem St.', '1984-02-06', 'P', 2, 1),
(401, 9600, '1611012352799', 'Zeph Burch', '228-3468 Orci. St.', '1961-05-07', 'P', 2, 2),
(402, 9599, '1668121572599', 'Cameron Holmes', '4407 Eu St.', '1961-01-24', 'P', 2, 2),
(403, 9598, '1670061987599', 'Cole Webb', 'P.O. Box 726, 8258 Ut Road', '1981-05-20', 'P', 2, 2),
(404, 9597, '1619090344299', 'Abraham Gillespie', 'P.O. Box 848, 1561 Nullam Ave', '1984-09-03', 'P', 1, 1),
(405, 9596, '1649120120699', 'Noble King', '511-372 Nulla Street', '1977-06-06', 'P', 2, 2),
(406, 9595, '1618111483599', 'Harper Conway', '891-4067 Vel Road', '1969-07-24', 'P', 1, 2),
(407, 9594, '1633081416399', 'Alvin Sanchez', '4134 Ornare. Rd.', '1974-09-14', 'P', 2, 1),
(408, 9593, '1648031969299', 'Cedric Zimmerman', '652 Curabitur Rd.', '1980-06-28', 'P', 2, 2),
(409, 9592, '1651042662099', 'Allen Heath', 'Ap #855-3204 Massa. Avenue', '1971-05-26', 'P', 2, 1),
(410, 9591, '1695111342999', 'Ryder Washington', 'Ap #315-2672 Dolor Av.', '1986-01-26', 'P', 2, 2),
(411, 9590, '1629010881099', 'Bert Baker', 'P.O. Box 839, 7084 Tempor, Rd.', '1987-06-06', 'P', 1, 1),
(412, 9589, '1605010342699', 'Merrill Roberson', 'Ap #109-8937 Donec St.', '1975-08-03', 'P', 1, 1),
(413, 9588, '1671101571099', 'Salvador Gonzales', '174-4218 Ut Avenue', '1989-11-14', 'P', 2, 1),
(414, 9587, '1670042679699', 'Ashton Merrill', 'Ap #223-214 Aliquam Road', '1961-11-18', 'P', 2, 2),
(415, 9586, '1630083017899', 'Seth Schroeder', '518-7478 Ut Avenue', '1963-11-16', 'P', 2, 2),
(416, 9585, '1625112235399', 'Griffith Pearson', 'Ap #811-5560 Consectetuer, St.', '1987-09-03', 'P', 2, 1),
(417, 9584, '1609070378599', 'Dean Mills', '735-8848 Ut, St.', '1977-06-14', 'P', 1, 1),
(418, 9583, '1611052492599', 'Lionel Underwood', '604-2497 Lorem, Av.', '1987-11-26', 'P', 2, 2),
(419, 9582, '1689082906099', 'Rigel Booker', '439 At, Ave', '1962-08-05', 'P', 2, 2),
(420, 9581, '1609110115899', 'Bruno Martin', 'Ap #658-4596 At St.', '1972-12-05', 'P', 2, 1),
(421, 9580, '1649110576899', 'Darius Luna', '5710 Feugiat Street', '1962-12-06', 'P', 2, 1),
(422, 9579, '1695110539299', 'Isaiah Little', '215-1255 Sodales Rd.', '1977-11-18', 'P', 1, 1),
(423, 9578, '1641080122399', 'Hakeem Mcclain', 'Ap #908-8649 Facilisi. Street', '1974-11-02', 'P', 2, 1),
(424, 9577, '1689030851299', 'Lewis Leach', '976-3725 Et, Avenue', '1990-08-18', 'P', 2, 1),
(425, 9576, '1682072119399', 'Ferdinand Evans', 'Ap #395-9415 Pharetra, Ave', '1967-04-24', 'P', 2, 1),
(426, 9575, '1688031852999', 'Keegan Harris', '5430 Pellentesque Street', '1970-06-18', 'P', 1, 1),
(427, 9574, '1638112922899', 'Gareth Moody', '321-8309 Ornare, Road', '1986-04-29', 'P', 2, 2),
(428, 9573, '1607061676599', 'Holmes Battle', 'Ap #612-6570 Porttitor Rd.', '1988-12-27', 'P', 1, 1),
(429, 9572, '1678111490999', 'Brennan Hunt', 'Ap #148-7865 Hendrerit. Rd.', '1979-11-17', 'P', 1, 1),
(430, 9571, '1680072631699', 'Lev Chan', '3906 Orci Rd.', '1987-01-09', 'P', 2, 1),
(431, 9570, '1649073073699', 'Herrod Jordan', '283 Nec St.', '1962-08-31', 'P', 1, 2),
(432, 9569, '1615061359199', 'Josiah Hogan', 'P.O. Box 731, 8291 Lacus. Rd.', '1977-03-17', 'P', 2, 2),
(433, 9568, '1685072054999', 'Dominic Morgan', 'Ap #912-9704 Dolor Ave', '1970-06-07', 'P', 2, 2),
(434, 9567, '1644012224099', 'Asher Meyer', 'P.O. Box 449, 9451 Placerat. St.', '1983-12-04', 'P', 2, 2),
(435, 9566, '1637100439199', 'Cody Duke', 'Ap #139-5417 Posuere Rd.', '1972-03-12', 'P', 1, 1),
(436, 9565, '1603121239499', 'Emerson Jones', '5695 Sem Street', '1983-02-16', 'P', 1, 2),
(437, 9564, '1653022292899', 'Dean Decker', 'P.O. Box 534, 5435 Nisi Av.', '1979-04-01', 'P', 1, 2),
(438, 9563, '1632031880999', 'Thane Carson', '1417 Blandit. Avenue', '1964-05-15', 'P', 1, 1),
(439, 9562, '1691010399899', 'Kato Brooks', '7758 Vivamus Av.', '1968-01-09', 'P', 2, 1),
(440, 9561, '1685080704199', 'Tad Noble', '706-5948 Morbi Ave', '1963-10-08', 'P', 1, 1),
(441, 9560, '1607092278799', 'Fuller Horne', '7876 Justo. St.', '1973-03-09', 'P', 2, 1),
(442, 9559, '1621092318899', 'Kennedy Lynch', 'Ap #998-6134 Libero St.', '1969-11-03', 'P', 2, 1),
(443, 9558, '1685072927499', 'Adam Gregory', '844-617 Bibendum. Ave', '1968-01-26', 'P', 2, 1),
(444, 9557, '1608011140699', 'Todd Cain', 'Ap #765-6162 Erat Rd.', '1973-03-15', 'P', 1, 2),
(445, 9556, '1698050577399', 'Curran Avery', 'Ap #254-2983 Vivamus Rd.', '1964-06-21', 'P', 1, 1),
(446, 9555, '1681081641599', 'James Mercado', 'P.O. Box 457, 8835 Imperdiet St.', '1975-11-12', 'P', 1, 2),
(447, 9554, '1632082813599', 'Macon White', '6310 Tincidunt, St.', '1972-01-13', 'P', 1, 1),
(448, 9553, '1618072941599', 'Abraham Henson', '969-9745 Massa. Av.', '1966-03-30', 'P', 2, 1),
(449, 9552, '1636031505599', 'Lucius Rogers', 'Ap #357-4540 Iaculis Av.', '1983-09-06', 'P', 1, 2),
(450, 9551, '1692070323499', 'Bruce Gillespie', '781-2949 Fringilla St.', '1981-01-20', 'P', 2, 1),
(451, 9550, '1618012264999', 'Lewis Lucas', '750-1887 Ipsum. Av.', '1965-09-02', 'P', 1, 1),
(452, 9549, '1683051011399', 'Porter Cote', '794-2186 Velit St.', '1980-08-09', 'P', 2, 1),
(453, 9548, '1664041151399', 'Castor Santos', '981 Ante. Road', '1961-09-08', 'P', 1, 1),
(454, 9547, '1640102940799', 'Roth Solomon', 'P.O. Box 416, 6423 A, St.', '1974-04-30', 'P', 1, 1),
(455, 9546, '1656112125699', 'Jordan Davidson', '9515 Velit. Rd.', '1964-08-15', 'P', 1, 2),
(456, 9545, '1663030923099', 'Stewart Pickett', 'Ap #366-5371 Id St.', '1988-09-13', 'P', 1, 2),
(457, 9544, '1678011775099', 'Hamilton Rasmussen', '602-6706 Nunc Road', '1974-01-17', 'P', 1, 1),
(458, 9543, '1672030519899', 'Raja Lowe', 'Ap #246-5425 Lobortis Ave', '1986-02-23', 'P', 2, 1),
(459, 9542, '1681081771099', 'Martin Martin', '7864 Nulla Rd.', '1961-06-06', 'P', 1, 1),
(460, 9541, '1618022219399', 'George Pacheco', 'P.O. Box 637, 7253 Pede Av.', '1982-02-10', 'P', 1, 1),
(461, 9540, '1650041510499', 'Adam Stanley', 'P.O. Box 310, 655 Id Street', '1962-03-29', 'P', 2, 2),
(462, 9539, '1652102700499', 'Harlan Tate', '194 Fringilla, Rd.', '1985-06-23', 'P', 2, 2),
(463, 9538, '1625120510099', 'Oren Nicholson', 'P.O. Box 518, 3649 Dignissim. St.', '1982-06-03', 'P', 2, 2),
(464, 9537, '1625011222799', 'Anthony Holloway', '976-4031 Donec Av.', '1963-07-03', 'P', 1, 2),
(465, 9536, '1685061252499', 'Neville Garrett', 'Ap #580-663 Varius. Rd.', '1982-10-23', 'P', 2, 2),
(466, 9535, '1617071439199', 'Macaulay Cook', 'Ap #384-8130 Ut Ave', '1980-08-12', 'P', 1, 2),
(467, 9534, '1690082387799', 'Joshua Bonner', 'Ap #680-8714 Orci. Ave', '1983-09-28', 'P', 2, 1),
(468, 9533, '1695071291399', 'Dieter Benjamin', 'P.O. Box 133, 3515 Nunc Rd.', '1977-02-28', 'P', 1, 2),
(469, 9532, '1677102369999', 'Steel Callahan', 'P.O. Box 240, 8125 Natoque St.', '1964-03-26', 'P', 2, 1),
(470, 9531, '1655031807699', 'Tanner Powell', 'P.O. Box 162, 4595 Aliquam Avenue', '1981-05-24', 'P', 1, 2),
(471, 9530, '1654100566599', 'Basil Harding', 'P.O. Box 169, 2373 Ultrices Road', '1978-09-09', 'P', 2, 2),
(472, 9529, '1611061548499', 'Camden Adams', '226-6785 Eu Road', '1970-07-29', 'P', 1, 2),
(473, 9528, '1600042477899', 'Oleg Mills', '660-2490 Mauris Avenue', '1975-04-16', 'P', 2, 2),
(474, 9527, '1666042892099', 'Drake Porter', 'Ap #868-4424 Aliquam Avenue', '1987-03-21', 'P', 2, 2),
(475, 9526, '1644063014599', 'Ulric Landry', '714-2540 Accumsan Rd.', '1976-05-25', 'P', 1, 2),
(476, 9525, '1679070908099', 'Henry Carpenter', '4683 Dapibus Road', '1976-08-23', 'P', 2, 2),
(477, 9524, '1673071680699', 'Ezra Bowman', 'Ap #297-8592 Condimentum. Rd.', '1982-01-24', 'P', 2, 2),
(478, 9523, '1600020827899', 'Scott Mills', 'Ap #993-2386 Eu St.', '1979-04-09', 'P', 1, 2),
(479, 9522, '1651110742199', 'Joel Knox', '385-502 Vivamus Avenue', '1979-02-02', 'P', 1, 1),
(480, 9521, '1671092879999', 'Hu Delaney', '4077 Est Avenue', '1989-12-21', 'P', 1, 2),
(481, 9520, '1620053002699', 'Nero Bradley', '846-5070 Vestibulum Av.', '1989-10-11', 'P', 1, 1),
(482, 9519, '1677082624499', 'Keefe Swanson', 'Ap #276-1902 Curae; Road', '1965-02-18', 'P', 2, 2),
(483, 9518, '1609020468499', 'Salvador Hansen', '2683 Mauris Av.', '1965-06-28', 'P', 2, 2),
(484, 9517, '1617121117399', 'Yoshio Ewing', '4047 Nec, Street', '1979-08-22', 'P', 1, 2),
(485, 9516, '1693101936699', 'Alexander Dotson', 'Ap #233-5104 Quisque Rd.', '1967-02-14', 'P', 2, 1),
(486, 9515, '1651043086199', 'Keane Lewis', 'P.O. Box 387, 4381 Sem Avenue', '1966-10-29', 'P', 1, 2),
(487, 9514, '1602111726699', 'George Cote', '540-2142 Cursus Av.', '1972-02-10', 'P', 1, 2),
(488, 9513, '1603101688399', 'Laith Hansen', 'P.O. Box 254, 9196 Molestie Road', '1983-09-27', 'P', 2, 2),
(489, 9512, '1625111793999', 'Evan Barr', 'Ap #997-2277 A, Rd.', '1976-04-10', 'P', 2, 1),
(490, 9511, '1634051804999', 'Brady Hobbs', '828-9892 Erat. Rd.', '1960-12-12', 'P', 2, 2),
(491, 9510, '1613051092199', 'Abdul Tucker', '651-2822 Pellentesque Rd.', '1979-08-16', 'P', 2, 2),
(492, 9509, '1603112805199', 'David Lindsay', 'Ap #258-1747 Donec Road', '1989-07-31', 'P', 1, 1),
(493, 9508, '1664010334199', 'Reuben Merrill', '7281 Enim Rd.', '1963-09-04', 'P', 2, 1),
(494, 9507, '1627062731299', 'Kenneth Browning', 'P.O. Box 719, 9233 Nisi. Rd.', '1966-04-08', 'P', 1, 1),
(495, 9506, '1647030414199', 'Cody Potter', '560-4423 Eget Rd.', '1988-06-29', 'P', 2, 2),
(496, 9505, '1643020383299', 'Kibo Guerra', '682-4195 Amet, Rd.', '1975-10-11', 'P', 1, 2),
(497, 9504, '1650042803599', 'Drake Day', 'P.O. Box 469, 3631 Imperdiet St.', '1984-03-17', 'P', 1, 1),
(498, 9503, '1625052526899', 'Berk Holden', 'Ap #737-2613 Mauris Avenue', '1963-07-09', 'P', 2, 2),
(499, 9502, '1625061141299', 'Clarke Whitfield', 'P.O. Box 155, 8368 Nulla St.', '1973-11-26', 'P', 2, 2),
(500, 9501, '1634121013499', 'Fletcher Cohen', '971-9632 Curabitur Rd.', '1987-06-26', 'P', 2, 2),
(501, 9500, '1634113096299', 'Jason Norman', '8584 Mauris St.', '1983-07-14', 'P', 1, 2),
(502, 9499, '1632102347699', 'Tiger Alvarado', '380-3116 Velit. Avenue', '1988-07-18', 'P', 1, 2),
(503, 9498, '1621092096599', 'Lev Parrish', 'P.O. Box 875, 8787 Augue Rd.', '1982-08-21', 'P', 1, 2),
(504, 9497, '1691012863199', 'Joseph Shaffer', '790-1658 Arcu. Ave', '1969-05-10', 'P', 1, 1),
(505, 9496, '1611112057099', 'Raphael Jarvis', 'Ap #717-3259 Quis St.', '1977-07-10', 'P', 1, 1),
(506, 9495, '1642100855699', 'Todd Sampson', 'Ap #856-4317 Metus. St.', '1961-05-17', 'P', 1, 2),
(507, 9494, '1646060477099', 'Abraham Robles', '838 Libero Avenue', '1978-02-01', 'P', 1, 2),
(508, 9493, '1625011844899', 'Charles Delaney', 'Ap #524-8819 Proin Av.', '1968-07-17', 'P', 1, 2),
(509, 9492, '1603042225399', 'Vladimir Sweet', '497-3862 Quis, Av.', '1961-09-29', 'P', 1, 2),
(510, 9491, '1684082138899', 'Giacomo Knowles', '309-9133 Amet Rd.', '1983-04-18', 'P', 1, 2),
(511, 9490, '1600020164399', 'Garth Zamora', 'P.O. Box 738, 6606 Volutpat St.', '1966-06-16', 'P', 1, 2),
(512, 9489, '1659012890099', 'Keaton Haney', '135-2910 Erat. Street', '1977-02-05', 'P', 1, 1),
(513, 9488, '1684070912899', 'Cedric Osborn', 'P.O. Box 803, 5510 Quisque Rd.', '1963-04-05', 'P', 1, 1),
(514, 9487, '1619102349899', 'William William', 'Ap #155-3777 Nulla. Street', '1970-07-11', 'P', 1, 1),
(515, 9486, '1616120355499', 'Eric Hurst', '9401 Turpis. Road', '1983-08-28', 'P', 2, 2),
(516, 9485, '1690020906799', 'Kato Valenzuela', 'Ap #318-3954 Porttitor St.', '1978-10-21', 'P', 2, 1),
(517, 9484, '1648062883399', 'Hedley Wiggins', 'Ap #188-6155 Quam Rd.', '1972-04-15', 'P', 1, 1),
(518, 9483, '1644012899499', 'Slade Ramos', 'P.O. Box 495, 411 Ac Ave', '1969-01-12', 'P', 1, 2),
(519, 9482, '1682081511299', 'Lawrence Mcleod', '111-8801 At Avenue', '1963-07-17', 'P', 2, 2),
(520, 9481, '1616110184699', 'Denton Welch', '260 Consectetuer Avenue', '1980-09-27', 'P', 1, 1),
(521, 9480, '1668011481199', 'Carson Greene', '639-3066 Eros. Rd.', '1977-05-09', 'P', 1, 1),
(522, 9479, '1683060135199', 'Channing Conner', '633-4568 Dapibus Street', '1968-01-23', 'P', 1, 1),
(523, 9478, '1651121399899', 'Damon Carrillo', 'Ap #222-7846 Dictum Ave', '1966-03-29', 'P', 1, 2);
INSERT INTO `tblpasien` (`id`, `no_rm`, `no_reg`, `nama`, `alamat`, `tgl_lahir`, `sex`, `idsuku`, `idagama`) VALUES
(524, 9477, '1654112477699', 'Abdul Lee', '1844 Metus. St.', '1981-01-23', 'P', 1, 1),
(525, 9476, '1665100202999', 'Gavin Byers', '716-4369 Neque. Ave', '1962-07-19', 'P', 2, 1),
(526, 9475, '1617121289699', 'Arsenio Valentine', '7756 Aliquet Ave', '1963-02-02', 'P', 2, 2),
(527, 9474, '1625122158599', 'Howard Rodgers', '4997 Duis Av.', '1969-08-04', 'P', 1, 2),
(528, 9473, '1694100934599', 'Robert Lewis', '990-9651 Integer Ave', '1977-07-10', 'P', 1, 1),
(529, 9472, '1696010184299', 'Hakeem Reese', '437-7582 Vel St.', '1980-01-07', 'P', 1, 2),
(530, 9471, '1633070971299', 'Beau Oconnor', '4746 Orci. Rd.', '1980-11-19', 'P', 2, 2),
(531, 9470, '1674081643199', 'Davis Jordan', 'Ap #967-5465 Duis Ave', '1982-09-03', 'P', 1, 1),
(532, 9469, '1607060641899', 'Roth Harrison', '195-8750 Dis Road', '1969-12-11', 'P', 2, 1),
(533, 9468, '1624010902999', 'Ignatius Rivers', '5709 Nisi Road', '1968-05-07', 'P', 2, 1),
(534, 9467, '1655111925499', 'Baker Collier', 'P.O. Box 639, 7140 Libero St.', '1983-03-09', 'P', 2, 2),
(535, 9466, '1653042867599', 'Matthew Robles', '526-5433 Viverra. Rd.', '1970-09-28', 'P', 2, 1),
(536, 9465, '1660062466099', 'Ralph Mendoza', '2080 Donec Street', '1981-09-18', 'P', 1, 2),
(537, 9464, '1689072702399', 'Reese Perkins', 'P.O. Box 374, 7767 Duis St.', '1968-03-21', 'P', 1, 2),
(538, 9463, '1671091191399', 'Rogan Cannon', 'Ap #575-2128 Commodo St.', '1982-08-04', 'P', 1, 1),
(539, 9462, '1650102373899', 'Stewart Delaney', '5467 Nunc Av.', '1968-12-11', 'P', 1, 2),
(540, 9461, '1621022316899', 'Thaddeus Kramer', 'Ap #747-7222 Iaculis, Road', '1973-01-14', 'P', 2, 1),
(541, 9460, '1615072887999', 'Gage Elliott', '692-9334 Lorem Rd.', '1984-04-27', 'P', 1, 1),
(542, 9459, '1666080990199', 'Joshua Hines', 'P.O. Box 709, 8440 Fringilla, Av.', '1975-02-26', 'P', 2, 1),
(543, 9458, '1610100542999', 'Leroy Tyler', '9848 Rutrum, Rd.', '1970-11-30', 'P', 2, 1),
(544, 9457, '1678051746099', 'Blaze Bird', '1176 Aliquam Avenue', '1979-08-24', 'P', 2, 1),
(545, 9456, '1639120676499', 'Paul Hebert', '9181 Vulputate Ave', '1980-11-10', 'P', 1, 1),
(546, 9455, '1670061902099', 'Eagan Moss', '111-4788 Rhoncus. Av.', '1988-11-16', 'P', 2, 1),
(547, 9454, '1633092263699', 'Burton Russell', 'P.O. Box 868, 7022 Non St.', '1988-04-17', 'P', 2, 1),
(548, 9453, '1628051607299', 'Dexter Gillespie', '441-8751 Vitae St.', '1984-03-25', 'P', 1, 1),
(549, 9452, '1656032591399', 'Elijah Humphrey', '152-1925 Eu St.', '1987-04-10', 'P', 1, 1),
(550, 9451, '1652091324799', 'Coby Spence', '6028 Magna, Avenue', '1972-02-26', 'P', 1, 1),
(551, 9450, '1656121373499', 'Clayton Rush', '502-9654 Pellentesque Avenue', '1975-12-19', 'P', 2, 2),
(552, 9449, '1682041123499', 'Howard English', 'P.O. Box 976, 8951 Sit Street', '1969-10-07', 'P', 2, 2),
(553, 9448, '1690061381099', 'Gil Cantu', '767-5369 Congue, Av.', '1964-07-11', 'P', 1, 2),
(554, 9447, '1658070616199', 'Zephania Holman', 'P.O. Box 760, 3849 Dui Road', '1982-08-01', 'P', 1, 1),
(555, 9446, '1619102716099', 'Clinton Chapman', '302-2575 Est Av.', '1977-02-13', 'P', 2, 2),
(556, 9445, '1640050348099', 'Rafael Guy', '8464 Elit, St.', '1972-12-22', 'P', 1, 2),
(557, 9444, '1677100794799', 'Talon English', '131-9124 Arcu. Road', '1980-12-10', 'P', 1, 1),
(558, 9443, '1692050182899', 'Maxwell Poole', 'Ap #111-440 Nec Rd.', '1965-03-04', 'P', 2, 2),
(559, 9442, '1623010978299', 'Jasper Cunningham', '4908 Dignissim Rd.', '1977-09-11', 'P', 1, 1),
(560, 9441, '1618061939799', 'Fitzgerald Owens', 'P.O. Box 539, 2248 Mi. Avenue', '1988-10-10', 'P', 1, 2),
(561, 9440, '1647060976299', 'Dylan England', 'P.O. Box 744, 1382 Integer St.', '1966-12-04', 'P', 1, 1),
(562, 9439, '1648122479699', 'Avram Ortega', '8366 Quam St.', '1963-01-21', 'P', 1, 1),
(563, 9438, '1693061738799', 'Leo Foster', 'P.O. Box 484, 3155 Sed St.', '1982-12-03', 'P', 1, 1),
(564, 9437, '1670022173399', 'Arden Mann', '440-3003 Nonummy Av.', '1969-08-22', 'P', 1, 2),
(565, 9436, '1672091863399', 'Beck Hatfield', '3112 Vel Rd.', '1963-12-06', 'P', 2, 2),
(566, 9435, '1609052629899', 'Austin Goodman', '866-6385 Diam Rd.', '1967-08-28', 'P', 2, 1),
(567, 9434, '1639011343199', 'Carson Mullins', '442-4199 Neque Ave', '1990-07-30', 'P', 2, 1),
(568, 9433, '1651050815399', 'Michael Wiley', '171-5700 Consectetuer Rd.', '1983-05-10', 'P', 1, 1),
(569, 9432, '1694091307099', 'Marsden Mann', 'Ap #470-2296 Consectetuer Ave', '1975-05-10', 'P', 1, 2),
(570, 9431, '1676050690999', 'Daniel Sellers', '7685 Mauris Ave', '1989-03-10', 'P', 1, 1),
(571, 9430, '1672061616999', 'Elvis Duran', 'P.O. Box 973, 7250 Nullam Road', '1963-03-10', 'P', 2, 2),
(572, 9429, '1664092493299', 'Guy Simpson', 'Ap #445-4320 Donec Rd.', '1973-11-24', 'P', 1, 1),
(573, 9428, '1661050343399', 'Francis Rios', 'P.O. Box 356, 3246 Viverra. Road', '1964-08-13', 'P', 1, 1),
(574, 9427, '1611042102199', 'Preston Roach', 'Ap #649-8976 Arcu. St.', '1961-10-02', 'P', 2, 1),
(575, 9426, '1627032799799', 'Randall Shelton', '6982 Pulvinar St.', '1973-10-26', 'P', 2, 2),
(576, 9425, '1609061155499', 'Armando Dorsey', 'P.O. Box 451, 5493 Lobortis Avenue', '1961-12-31', 'P', 1, 2),
(577, 9424, '1660123099399', 'Brennan Beach', '533-4452 Metus St.', '1973-09-05', 'P', 1, 2),
(578, 9423, '1659020599399', 'Kenyon Spence', 'Ap #689-4286 Ante Street', '1981-03-06', 'P', 1, 1),
(579, 9422, '1683120939599', 'Jesse Crawford', 'P.O. Box 818, 9457 Nunc Rd.', '1984-04-23', 'P', 2, 1),
(580, 9421, '1664122196299', 'Evan Hess', '8219 Sed St.', '1989-06-07', 'P', 2, 2),
(581, 9420, '1639082066199', 'Louis Camacho', 'P.O. Box 918, 1559 Cras St.', '1979-12-19', 'P', 2, 1),
(582, 9419, '1694040463799', 'Scott Juarez', 'Ap #927-1308 Felis. St.', '1967-06-27', 'P', 2, 1),
(583, 9418, '1673122231199', 'Aristotle Quinn', 'P.O. Box 748, 8081 Mauris Avenue', '1976-02-25', 'P', 1, 1),
(584, 9417, '1682062907499', 'Harding Calhoun', 'Ap #220-7756 Ornare. Road', '1979-06-15', 'P', 1, 1),
(585, 9416, '1611020125799', 'Aidan Hawkins', '4497 Lacus. Road', '1972-09-19', 'P', 2, 1),
(586, 9415, '1625010677799', 'Zephania Cohen', '768-4958 Parturient Rd.', '1973-05-02', 'P', 1, 2),
(587, 9414, '1667012042699', 'Todd Bryan', '182-4453 Mi Road', '1973-04-23', 'P', 2, 2),
(588, 9413, '1651061298599', 'Reece Morse', 'P.O. Box 974, 2126 Consequat St.', '1975-08-11', 'P', 1, 1),
(589, 9412, '1673050921499', 'Abel Fleming', 'Ap #812-1397 Curae; Ave', '1964-02-14', 'P', 2, 2),
(590, 9411, '1672042088899', 'Kelly Hawkins', 'Ap #479-1171 Donec St.', '1972-03-07', 'P', 1, 1),
(591, 9410, '1605071429199', 'Plato Reid', '279-4449 Vulputate, Av.', '1965-12-05', 'P', 2, 1),
(592, 9409, '1663042486699', 'Travis Barrera', '7666 Ac, Av.', '1974-10-29', 'P', 2, 2),
(593, 9408, '1629100675799', 'Shad Wagner', '449 Netus Street', '1974-10-21', 'P', 2, 1),
(594, 9407, '1680052669499', 'Basil Mckay', '4653 Ullamcorper Ave', '1963-05-24', 'P', 1, 1),
(595, 9406, '1678062965099', 'Charles Hurley', 'Ap #686-1449 Aenean Rd.', '1984-09-01', 'P', 1, 1),
(596, 9405, '1622032184299', 'Burton Salazar', 'P.O. Box 758, 6539 Purus Av.', '1989-12-20', 'P', 1, 2),
(597, 9404, '1635032041099', 'Alden Riddle', '116 Maecenas St.', '1984-05-29', 'P', 2, 1),
(598, 9403, '1657060323499', 'Lucas Robertson', '496-5253 Egestas. Road', '1988-09-16', 'P', 2, 1),
(599, 9402, '1608040848399', 'Barry Ferguson', 'P.O. Box 170, 4766 Consectetuer St.', '1987-03-02', 'P', 2, 1),
(600, 9401, '1652072749699', 'Ulysses Conner', '4059 Non, Avenue', '1990-03-10', 'P', 1, 2),
(601, 9400, '1600062587099', 'Merritt Crawford', '145-4333 Donec Av.', '1966-06-22', 'P', 1, 1),
(602, 9399, '1699051218099', 'Axel Munoz', 'Ap #192-5761 Cras Av.', '1982-06-30', 'P', 1, 1),
(603, 9398, '1689012337299', 'Davis Berger', '292-8119 Sollicitudin Road', '1983-10-15', 'P', 1, 2),
(604, 9397, '1634090848199', 'Burke Calderon', '780-1221 Quam Road', '1975-02-26', 'P', 2, 1),
(605, 9396, '1689030415599', 'Octavius Macdonald', 'P.O. Box 792, 6738 Aenean Avenue', '1968-06-04', 'P', 2, 1),
(606, 9395, '1641042274799', 'Mufutau Simpson', 'P.O. Box 698, 3834 Pellentesque St.', '1968-02-04', 'P', 2, 2),
(607, 9394, '1608102931899', 'Dillon Hensley', 'Ap #417-255 Et St.', '1963-02-23', 'P', 1, 1),
(608, 9393, '1657101877599', 'Travis Dawson', 'P.O. Box 482, 2032 Nunc Rd.', '1974-04-07', 'P', 1, 1),
(609, 9392, '1683091175599', 'Driscoll Gregory', 'P.O. Box 648, 7100 Ac Avenue', '1990-01-18', 'P', 1, 1),
(610, 9391, '1650012351899', 'Adrian Bernard', '967-3064 Euismod St.', '1988-02-26', 'P', 2, 1),
(611, 9390, '1677122439299', 'Jermaine Gross', '819 Eu Ave', '1983-08-13', 'P', 1, 2),
(612, 9389, '1678112965899', 'Blaze Stein', 'P.O. Box 144, 3180 Placerat. St.', '1977-12-06', 'P', 1, 2),
(613, 9388, '1650052472199', 'Wing Rasmussen', '604-5415 Sagittis Av.', '1974-03-18', 'P', 2, 1),
(614, 9387, '1626082820499', 'Dieter Cunningham', 'Ap #945-9369 Cubilia Av.', '1980-10-20', 'P', 1, 2),
(615, 9386, '1624033092399', 'Rigel Tran', '2652 Pede St.', '1969-03-13', 'P', 2, 2),
(616, 9385, '1629041043899', 'Colt Rodriquez', '7588 Ultrices St.', '1966-03-25', 'P', 2, 1),
(617, 9384, '1680031293799', 'Kane Haney', 'P.O. Box 815, 9608 Sem, St.', '1963-01-10', 'P', 1, 2),
(618, 9383, '1641111265499', 'Warren Blackburn', '239-6780 Eleifend Rd.', '1976-06-29', 'P', 2, 1),
(619, 9382, '1661060505099', 'Josiah Randall', 'P.O. Box 944, 1363 Ipsum Ave', '1962-09-11', 'P', 2, 2),
(620, 9381, '1673100871399', 'Kennedy Frye', '265-6485 Nec Street', '1969-03-08', 'P', 2, 1),
(621, 9380, '1658052604299', 'Judah Rice', 'P.O. Box 335, 6653 Suspendisse Road', '1966-03-17', 'P', 1, 2),
(622, 9379, '1661091810699', 'Hyatt Ortega', 'P.O. Box 991, 8307 Cum Street', '1979-01-25', 'P', 1, 2),
(623, 9378, '1619040845999', 'Chester Finch', '9956 Aliquet Ave', '1970-11-22', 'P', 1, 1),
(624, 9377, '1670092590099', 'Hunter Fischer', 'P.O. Box 594, 5817 Erat St.', '1974-07-08', 'P', 2, 2),
(625, 9376, '1637022988099', 'Josiah Rich', '6347 Ac Rd.', '1986-01-28', 'P', 2, 2),
(626, 9375, '1646120853799', 'Asher Morin', 'Ap #474-1385 Ac St.', '1978-11-27', 'P', 2, 1),
(627, 9374, '1633020199099', 'Bruce Ray', '392-2226 Sem Avenue', '1971-07-27', 'P', 2, 2),
(628, 9373, '1688092292299', 'Baxter Wood', 'Ap #420-4400 Quam Av.', '1974-10-04', 'P', 1, 1),
(629, 9372, '1611060888699', 'Cullen Branch', '828-7925 Varius Avenue', '1977-09-17', 'P', 1, 1),
(630, 9371, '1654032530699', 'Wade Lane', '672-558 Imperdiet St.', '1982-02-14', 'P', 2, 2),
(631, 9370, '1667062258399', 'Lee Colon', '924-5476 Donec St.', '1981-02-11', 'P', 1, 1),
(632, 9369, '1687070281799', 'Lars Santos', '710-455 Luctus, Av.', '1983-10-25', 'P', 1, 1),
(633, 9368, '1636091883199', 'Timon Head', 'Ap #308-1453 Turpis. Av.', '1966-10-11', 'P', 1, 2),
(634, 9367, '1654091097699', 'Anthony Joyner', 'P.O. Box 995, 4100 Ipsum Avenue', '1972-02-02', 'P', 2, 2),
(635, 9366, '1659121292499', 'Guy Fowler', 'Ap #351-535 Vel Av.', '1973-05-26', 'P', 2, 2),
(636, 9365, '1643092605599', 'Honorato Barnes', '9991 Vulputate, Street', '1982-04-15', 'P', 1, 2),
(637, 9364, '1612052613999', 'Jack Trevino', '104-2767 Eu St.', '1985-08-08', 'P', 1, 1),
(638, 9363, '1681102717199', 'Brock Thompson', 'P.O. Box 458, 9403 Metus St.', '1983-07-16', 'P', 2, 2),
(639, 9362, '1635022363899', 'Tate Osborne', '391-398 In St.', '1971-01-06', 'P', 2, 1),
(640, 9361, '1624032773999', 'Beck Rosario', 'Ap #687-2716 Consequat Rd.', '1969-11-17', 'P', 1, 1),
(641, 9360, '1614012689899', 'Lewis Young', '9599 Cursus Ave', '1965-11-27', 'P', 1, 2),
(642, 9359, '1689030780799', 'Valentine Scott', '138-9291 Et Road', '1971-06-22', 'P', 1, 1),
(643, 9358, '1678111439799', 'Merrill Knight', 'P.O. Box 596, 5907 Tellus Ave', '1962-07-05', 'P', 1, 1),
(644, 9357, '1633041131299', 'Tyrone Stevens', 'P.O. Box 555, 9843 Molestie Ave', '1981-12-12', 'P', 1, 2),
(645, 9356, '1662020268899', 'Tate Sampson', '3986 Turpis Avenue', '1963-04-05', 'P', 2, 2),
(646, 9355, '1614041437399', 'Colt Hood', '220-9369 Amet Av.', '1964-02-02', 'P', 1, 2),
(647, 9354, '1695041973099', 'Chaim Roberson', '713-2566 Urna. Av.', '1962-11-03', 'P', 2, 1),
(648, 9353, '1667011137399', 'Lucius Crane', 'P.O. Box 970, 5302 Eget Street', '1982-07-30', 'P', 1, 1),
(649, 9352, '1608032456999', 'Scott Grant', '192-4881 Ligula Street', '1962-03-16', 'P', 1, 1),
(650, 9351, '1616031800099', 'Harper Burgess', 'P.O. Box 562, 728 At, Av.', '1960-11-27', 'P', 1, 1),
(651, 9350, '1603011616999', 'Colorado Thompson', 'P.O. Box 855, 2558 Vulputate Road', '1961-03-27', 'P', 1, 1),
(652, 9349, '1633121666299', 'Amir Medina', '891-4357 Bibendum Rd.', '1980-10-15', 'P', 1, 1),
(653, 9348, '1685050600599', 'Sebastian Gillespie', 'Ap #534-6065 At, Avenue', '1976-04-30', 'P', 1, 2),
(654, 9347, '1610031541599', 'Herrod Cardenas', 'P.O. Box 886, 5401 Pede, Road', '1966-12-18', 'P', 2, 1),
(655, 9346, '1638112754399', 'Rajah Pittman', 'P.O. Box 720, 4894 Sapien, Street', '1989-10-09', 'P', 1, 2),
(656, 9345, '1696061302399', 'Nolan Cardenas', '135-2514 Et, Avenue', '1966-11-02', 'P', 2, 1),
(657, 9344, '1643042418199', 'Nasim Snow', '7680 Congue, Rd.', '1969-08-04', 'P', 2, 2),
(658, 9343, '1673103056799', 'Tobias Gentry', '812-8800 Vehicula Av.', '1983-10-23', 'P', 1, 2),
(659, 9342, '1695052377999', 'Xenos Mcbride', '229 Laoreet Avenue', '1990-09-27', 'P', 1, 1),
(660, 9341, '1610101658599', 'Linus Obrien', '506-2515 Lacus. Street', '1968-10-02', 'P', 2, 2),
(661, 9340, '1629062283599', 'Kenyon Bryant', 'Ap #621-3698 Feugiat. Road', '1968-11-04', 'P', 2, 2),
(662, 9339, '1658080747699', 'Gregory Rose', '6513 Sodales Ave', '1981-02-16', 'P', 1, 2),
(663, 9338, '1673100288199', 'Guy Delacruz', 'Ap #591-5596 In Avenue', '1963-02-25', 'P', 1, 1),
(664, 9337, '1688110182599', 'Cadman Wilkinson', '635-6878 Sapien. Rd.', '1983-02-02', 'P', 2, 1),
(665, 9336, '1693010598199', 'Conan Hubbard', '3523 Ut Avenue', '1988-12-16', 'P', 2, 2),
(666, 9335, '1647092752999', 'Ian Carpenter', 'P.O. Box 747, 5407 Et, Avenue', '1977-01-17', 'P', 2, 2),
(667, 9334, '1634092240699', 'Flynn Noel', 'Ap #464-6923 Placerat Road', '1979-03-08', 'P', 2, 1),
(668, 9333, '1618061674999', 'Brady Bradley', '151-8050 Et Rd.', '1990-03-11', 'P', 2, 1),
(669, 9332, '1638041858899', 'Dexter Collier', 'P.O. Box 578, 1046 Posuere, Road', '1990-04-09', 'P', 2, 2),
(670, 9331, '1646052726999', 'Walter Levine', 'P.O. Box 738, 6583 Dapibus Road', '1968-06-14', 'P', 1, 1),
(671, 9330, '1649052187599', 'Boris Cox', '1593 Fusce Road', '1961-11-23', 'P', 2, 1),
(672, 9329, '1680042562599', 'Davis Huber', '1932 Lectus Rd.', '1967-12-27', 'P', 1, 1),
(673, 9328, '1651042236699', 'Hoyt Chase', 'P.O. Box 433, 7494 In Ave', '1961-03-14', 'P', 2, 2),
(674, 9327, '1625040556099', 'Garrison Dawson', '100-1520 A, Rd.', '1988-03-06', 'P', 1, 1),
(675, 9326, '1600082278299', 'Brandon Summers', 'P.O. Box 220, 395 Felis Av.', '1974-06-22', 'P', 2, 1),
(676, 9325, '1623110547199', 'Shad Nieves', 'Ap #576-1234 Imperdiet Rd.', '1981-06-18', 'P', 2, 1),
(677, 9324, '1648020263499', 'Jacob Leblanc', 'Ap #530-4320 Tincidunt Road', '1973-03-05', 'P', 1, 1),
(678, 9323, '1694030535599', 'Xenos Buckner', 'P.O. Box 394, 9932 Pharetra Rd.', '1987-06-06', 'P', 1, 2),
(679, 9322, '1638121742199', 'Hu Stokes', '823-8936 Erat. Ave', '1980-05-26', 'P', 2, 2),
(680, 9321, '1620081649699', 'Blake Donaldson', 'P.O. Box 351, 6719 Magna. Avenue', '1969-01-15', 'P', 2, 1),
(681, 9320, '1670121862899', 'Rajah Weeks', '6497 Mauris Rd.', '1985-10-12', 'P', 1, 2),
(682, 9319, '1606120337399', 'Cadman Peterson', 'Ap #737-803 Dolor. Street', '1988-09-21', 'P', 1, 2),
(683, 9318, '1633122475099', 'Hoyt Mitchell', 'Ap #377-9078 Cras Road', '1986-04-21', 'P', 1, 1),
(684, 9317, '1685110423799', 'Howard Brewer', '929-6843 Ac St.', '1966-02-09', 'P', 2, 1),
(685, 9316, '1664072354699', 'Paul Jimenez', 'Ap #886-8671 Mauris St.', '1968-04-30', 'P', 2, 2),
(686, 9315, '1690112514199', 'Dieter Duke', '4749 Urna. Av.', '1978-11-09', 'P', 2, 1),
(687, 9314, '1606013048099', 'Preston Stark', 'P.O. Box 717, 5398 At Road', '1971-10-10', 'P', 1, 1),
(688, 9313, '1670060753399', 'Solomon Marks', '272-8673 Hendrerit St.', '1962-12-27', 'P', 2, 1),
(689, 9312, '1612022808899', 'Demetrius Matthews', '2933 Arcu. Street', '1987-11-09', 'P', 1, 1),
(690, 9311, '1613011663199', 'Kibo Meyers', 'Ap #937-5868 Arcu St.', '1971-07-28', 'P', 2, 2),
(691, 9310, '1698030606199', 'Timothy Finley', 'Ap #488-6782 Id Street', '1962-05-25', 'P', 2, 2),
(692, 9309, '1604102696299', 'Hedley Bishop', 'Ap #649-6247 Tempor Street', '1981-04-01', 'P', 2, 1),
(693, 9308, '1633110901899', 'Hunter Maynard', '2570 Sagittis. Road', '1985-04-26', 'P', 1, 1),
(694, 9307, '1679111649599', 'Galvin Lyons', 'Ap #490-8976 Ante. St.', '1980-09-27', 'P', 1, 1),
(695, 9306, '1620061395499', 'Erich Davidson', 'P.O. Box 160, 1122 Ridiculus Road', '1968-04-16', 'P', 2, 2),
(696, 9305, '1634083030099', 'Walker Coleman', '1735 Vel Ave', '1966-07-20', 'P', 2, 2),
(697, 9304, '1641022537499', 'Howard Castaneda', '8892 Magna. Avenue', '1976-05-06', 'P', 2, 2),
(698, 9303, '1651121358699', 'Griffith Russell', 'P.O. Box 410, 2044 Integer St.', '1982-08-07', 'P', 2, 1),
(699, 9302, '1666022248399', 'Holmes Mason', 'P.O. Box 204, 556 Justo. Rd.', '1987-12-04', 'P', 1, 2),
(700, 9301, '1635082163299', 'Uriel Miller', 'P.O. Box 200, 8739 Laoreet Rd.', '1966-02-11', 'P', 2, 2),
(701, 9300, '1693020280299', 'Dean Elliott', 'P.O. Box 340, 3846 Rutrum Rd.', '1975-09-30', 'P', 2, 2),
(702, 9299, '1668091462599', 'Zeus Cherry', '4229 Rutrum Rd.', '1974-10-18', 'P', 1, 2),
(703, 9298, '1656011117799', 'Cairo Wade', '523-7564 Sit St.', '1960-12-17', 'P', 2, 1),
(704, 9297, '1676102698699', 'Cody Barron', 'P.O. Box 827, 2571 Nisi. Rd.', '1972-02-03', 'P', 1, 2),
(705, 9296, '1628111056199', 'Tanner Hernandez', 'P.O. Box 326, 6339 Sed Av.', '1962-09-29', 'P', 1, 1),
(706, 9295, '1632060223099', 'Jackson Maxwell', '2281 Penatibus Av.', '1967-10-14', 'P', 2, 2),
(707, 9294, '1669102073399', 'Anthony Hayden', '6969 Ipsum St.', '1969-05-22', 'P', 2, 1),
(708, 9293, '1693112443999', 'Sean Melendez', '724 Eu Ave', '1984-07-31', 'P', 1, 2),
(709, 9292, '1664031092499', 'Thane Chang', 'Ap #461-8999 Feugiat. Av.', '1981-12-11', 'P', 2, 2),
(710, 9291, '1661032198999', 'Galvin Nolan', 'P.O. Box 307, 150 Malesuada Rd.', '1987-05-10', 'P', 1, 1),
(711, 9290, '1694110911799', 'Christian Jenkins', '1588 Nonummy St.', '1989-05-20', 'P', 1, 2),
(712, 9289, '1685112054399', 'Cyrus Shaffer', '748-2584 Tempus Avenue', '1987-03-26', 'P', 2, 2),
(713, 9288, '1666040563799', 'Oliver Reese', 'P.O. Box 338, 6732 Donec Av.', '1972-11-13', 'P', 2, 2),
(714, 9287, '1697052202499', 'Barclay Sanchez', 'P.O. Box 429, 6034 Consectetuer Av.', '1980-06-04', 'P', 1, 1),
(715, 9286, '1628073011099', 'Neville Cruz', 'Ap #389-1279 Enim. Road', '1980-07-23', 'P', 1, 1),
(716, 9285, '1676012779999', 'Tad Schultz', 'Ap #737-7945 Quam, Rd.', '1969-12-04', 'P', 1, 2),
(717, 9284, '1696041113899', 'Josiah Robertson', 'P.O. Box 287, 8249 Dis Street', '1987-01-12', 'P', 1, 2),
(718, 9283, '1649120861499', 'Cadman Warren', '6598 Fames Rd.', '1967-11-14', 'P', 1, 1),
(719, 9282, '1613020863599', 'Chandler Mack', '1867 Adipiscing Street', '1971-02-02', 'P', 1, 1),
(720, 9281, '1676071878299', 'Ferris Barrett', 'P.O. Box 223, 1693 Mi St.', '1987-06-17', 'P', 2, 1),
(721, 9280, '1675041071299', 'Chandler Moran', '554-1576 Ut Avenue', '1970-03-15', 'P', 2, 1),
(722, 9279, '1661071907299', 'Davis Noel', '820-938 Tincidunt Av.', '1962-06-08', 'P', 2, 2),
(723, 9278, '1647050882499', 'Jacob Bean', 'Ap #571-3756 Pharetra. Street', '1969-01-13', 'P', 1, 2),
(724, 9277, '1696022832299', 'Dale Estes', 'Ap #391-4323 Orci. Rd.', '1980-04-12', 'P', 1, 1),
(725, 9276, '1625082453399', 'Jelani Donaldson', 'Ap #828-5931 Donec Av.', '1980-05-08', 'P', 1, 2),
(726, 9275, '1679030178199', 'Melvin Tate', '970-3783 Sodales Rd.', '1962-07-28', 'P', 2, 1),
(727, 9274, '1651042067299', 'Hashim Koch', 'Ap #567-5425 Tincidunt St.', '1961-06-16', 'P', 1, 2),
(728, 9273, '1626043072299', 'Coby Franklin', '2661 Turpis. St.', '1968-04-01', 'P', 1, 1),
(729, 9272, '1675073027399', 'Amal Terry', '517-8367 Dictum Ave', '1983-08-14', 'P', 2, 2),
(730, 9271, '1644082762299', 'Gary Shields', 'Ap #661-6583 Enim Road', '1985-07-23', 'P', 1, 2),
(731, 9270, '1609101343499', 'Fletcher Roberson', '254-5897 Integer St.', '1962-11-27', 'P', 1, 2),
(732, 9269, '1616071924999', 'Kennan Bradford', 'Ap #291-7378 Id Ave', '1977-10-01', 'P', 2, 1),
(733, 9268, '1650083020899', 'Rahim Berger', '816-3446 Sed Avenue', '1985-08-13', 'P', 2, 1),
(734, 9267, '1614040779099', 'William Dorsey', 'Ap #664-7837 Scelerisque Ave', '1963-08-08', 'P', 1, 2),
(735, 9266, '1678102423199', 'Jamal Estrada', 'P.O. Box 365, 3821 Amet, Av.', '1970-12-19', 'P', 1, 2),
(736, 9265, '1667061058999', 'Knox Holland', '306-458 Elit Av.', '1977-06-12', 'P', 2, 1),
(737, 9264, '1652062737399', 'Mark Alexander', '1726 Aliquam, Rd.', '1980-03-31', 'P', 1, 1),
(738, 9263, '1684071970599', 'Cade Guzman', '630-882 Non Rd.', '1965-01-14', 'P', 1, 2),
(739, 9262, '1643030952999', 'Drew Barrett', '5514 Quis Street', '1962-02-14', 'P', 2, 2),
(740, 9261, '1682060195499', 'Dylan Cannon', '3118 Velit. St.', '1971-04-15', 'P', 1, 1),
(741, 9260, '1614102998399', 'August Wilkerson', '2565 Augue St.', '1965-08-25', 'P', 2, 1),
(742, 9259, '1624032817499', 'Ulysses Garcia', '258-2200 Aliquam Av.', '1974-07-30', 'P', 1, 1),
(743, 9258, '1643060737999', 'Raja Barry', 'Ap #266-5721 Tellus Ave', '1983-09-28', 'P', 1, 1),
(744, 9257, '1648081695999', 'Nehru Ray', 'P.O. Box 503, 3772 Donec Road', '1977-04-13', 'P', 2, 2),
(745, 9256, '1621090261999', 'Sylvester Black', '6771 Suspendisse Rd.', '1987-05-01', 'P', 2, 1),
(746, 9255, '1653112800199', 'Merritt Melton', '941-6985 Enim Avenue', '1983-08-01', 'P', 1, 1),
(747, 9254, '1692052291699', 'Rigel Moon', '4782 Non, Av.', '1972-02-09', 'P', 2, 1),
(748, 9253, '1633041988399', 'Zahir Cote', '9773 Nulla Rd.', '1983-07-13', 'P', 2, 1),
(749, 9252, '1699041210999', 'Blake Cherry', 'Ap #941-6880 Ligula. Rd.', '1970-10-20', 'P', 1, 2),
(750, 9251, '1670082102799', 'Chester Aguilar', '842-7963 Semper Rd.', '1979-07-29', 'P', 2, 1),
(751, 9250, '1680081444399', 'Tobias Booker', '692-3362 Non Rd.', '1972-09-27', 'P', 1, 1),
(752, 9249, '1646021430099', 'Alexander Butler', '828-9096 Enim Avenue', '1960-09-19', 'P', 2, 2),
(753, 9248, '1697080207599', 'Matthew Brooks', 'Ap #468-627 Ultricies Rd.', '1982-08-19', 'P', 1, 2),
(754, 9247, '1658080586599', 'Jackson Barnett', 'Ap #220-5691 Mus. St.', '1969-10-05', 'P', 1, 2),
(755, 9246, '1609120687299', 'Amos Carson', 'P.O. Box 951, 8749 Aliquet. St.', '1961-12-06', 'P', 2, 1),
(756, 9245, '1610120858499', 'Stephen Drake', '637-3987 Sollicitudin Avenue', '1965-10-11', 'P', 2, 1),
(757, 9244, '1638093023299', 'Xanthus Rasmussen', 'Ap #305-205 Amet Road', '1990-05-21', 'P', 2, 2),
(758, 9243, '1682030703099', 'Palmer Collier', 'P.O. Box 452, 8948 Duis Avenue', '1971-03-08', 'P', 2, 2),
(759, 9242, '1664031567299', 'Elijah Hunt', '8577 Nullam Avenue', '1979-03-26', 'P', 2, 1),
(760, 9241, '1637061864399', 'Upton Paul', '687-3832 Et Street', '1988-06-15', 'P', 1, 2),
(761, 9240, '1681043059699', 'Talon Sampson', 'P.O. Box 378, 1917 A, Road', '1962-08-27', 'P', 1, 1),
(762, 9239, '1652072091299', 'Barrett Walker', 'Ap #746-6193 Eu Rd.', '1972-07-09', 'P', 1, 2),
(763, 9238, '1662011738899', 'Neil Salas', '910-1768 Ac St.', '1960-09-22', 'P', 2, 1),
(764, 9237, '1678082847999', 'Colt Hill', '5783 Tempor Rd.', '1988-01-18', 'P', 2, 2),
(765, 9236, '1660060433099', 'Damian Houston', 'P.O. Box 491, 7807 Porttitor Street', '1968-10-13', 'P', 1, 2),
(766, 9235, '1602031497799', 'Talon Petersen', '759-5337 Non, Rd.', '1976-11-14', 'P', 2, 2),
(767, 9234, '1643011227699', 'Zeph Rasmussen', 'Ap #835-3451 Suspendisse Street', '1989-07-25', 'P', 1, 2),
(768, 9233, '1668042474499', 'Daniel Nelson', 'P.O. Box 234, 907 Tempus Av.', '1990-09-09', 'P', 2, 2),
(769, 9232, '1628020655999', 'Ralph Landry', '4392 Dolor Rd.', '1962-12-09', 'P', 1, 2),
(770, 9231, '1687041363599', 'Hyatt Benson', '9769 Consequat Road', '1986-11-08', 'P', 1, 1),
(771, 9230, '1682011245499', 'Declan Delgado', '3173 Facilisis Road', '1973-03-22', 'P', 2, 1),
(772, 9229, '1634112603099', 'Evan Anthony', 'P.O. Box 356, 7468 Quisque Road', '1961-01-03', 'P', 1, 1),
(773, 9228, '1611110768199', 'Mason Berry', 'P.O. Box 610, 3616 Eu St.', '1990-04-24', 'P', 2, 2),
(774, 9227, '1637011549899', 'Ali Ortega', '2020 Mi, Rd.', '1986-08-16', 'P', 2, 1),
(775, 9226, '1659042505399', 'Kirk Harper', '5802 Vulputate Ave', '1989-01-11', 'P', 1, 1),
(776, 9225, '1694102140299', 'Porter Reyes', 'Ap #810-7655 Cursus. Rd.', '1966-05-01', 'P', 2, 2),
(777, 9224, '1629122481699', 'Ali Hanson', '986-4439 Nonummy. Street', '1971-05-28', 'P', 1, 1),
(778, 9223, '1606072380499', 'Jameson English', 'Ap #900-930 Sem Street', '1986-10-06', 'P', 1, 1),
(779, 9222, '1626091931099', 'Jermaine Donaldson', 'P.O. Box 335, 4131 Magnis St.', '1972-04-19', 'P', 1, 2),
(780, 9221, '1676060385699', 'Jack Farmer', 'Ap #620-4380 Rutrum. Avenue', '1981-11-17', 'P', 1, 1),
(781, 9220, '1692043079999', 'Nissim Fulton', 'P.O. Box 124, 9616 Risus. Road', '1984-04-03', 'P', 1, 2),
(782, 9219, '1647012430899', 'Quamar Carter', '703-7379 Lacinia Rd.', '1989-03-25', 'P', 2, 2),
(783, 9218, '1622060980499', 'Lane Thomas', '136-500 In Avenue', '1981-09-06', 'P', 2, 1),
(784, 9217, '1680060557199', 'Ciaran Klein', '959-2052 Iaculis Street', '1986-07-28', 'P', 1, 2),
(785, 9216, '1698092136399', 'Porter Carrillo', 'P.O. Box 209, 9673 Per Ave', '1974-12-04', 'P', 2, 1),
(786, 9215, '1629121091999', 'Graiden Mullins', 'Ap #640-1973 Integer Ave', '1975-05-08', 'P', 1, 1),
(787, 9214, '1631072197499', 'Shad Calhoun', 'P.O. Box 774, 6403 Pellentesque Av.', '1979-03-18', 'P', 2, 1),
(788, 9213, '1689071524899', 'Jeremy Lowery', 'Ap #968-1440 At, St.', '1972-08-11', 'P', 2, 1),
(789, 9212, '1664110366099', 'Jin Talley', 'P.O. Box 405, 3396 Nec Street', '1980-07-26', 'P', 2, 1),
(790, 9211, '1680052291999', 'Tobias Cash', '635-6894 Cursus, Road', '1982-07-18', 'P', 2, 1),
(791, 9210, '1685020878899', 'Joshua Soto', '775-1302 Nec Rd.', '1972-08-13', 'P', 2, 2),
(792, 9209, '1675072930599', 'Quamar Payne', 'P.O. Box 239, 5694 Enim St.', '1966-10-02', 'P', 1, 1),
(793, 9208, '1660101151299', 'Peter Barrera', '737-5999 Vulputate, St.', '1987-03-09', 'P', 1, 2),
(794, 9207, '1617121058199', 'Gray Wallace', 'P.O. Box 113, 8023 Sit Ave', '1988-12-17', 'P', 1, 1),
(795, 9206, '1629082730799', 'Ignatius Rose', 'P.O. Box 265, 2826 Id, Street', '1987-08-27', 'P', 2, 2),
(796, 9205, '1615111847299', 'Allistair Lucas', 'Ap #745-366 Iaculis Rd.', '1974-04-19', 'P', 2, 1),
(797, 9204, '1622061211199', 'Len Hines', 'Ap #404-8785 Mi St.', '1973-02-05', 'P', 2, 1),
(798, 9203, '1665081702699', 'Amir Townsend', '318-9492 Eu Road', '1985-02-26', 'P', 1, 1),
(799, 9202, '1648052081999', 'Kasper Powers', '967-6107 Vitae Road', '1988-07-11', 'P', 1, 1),
(800, 9201, '1688023038599', 'Ignatius Salinas', 'P.O. Box 601, 3967 Velit. Avenue', '1969-06-25', 'P', 2, 1),
(801, 9200, '1673122537699', 'Cameron Maynard', 'Ap #977-7296 Mauris Ave', '1967-11-19', 'P', 1, 2),
(802, 9199, '1635020700299', 'Joseph Gilbert', 'Ap #901-8616 Sem St.', '1984-03-30', 'P', 1, 2),
(803, 9198, '1675072567399', 'Francis Mitchell', '766-5849 Donec Road', '1966-01-05', 'P', 2, 1),
(804, 9197, '1604121348099', 'Odysseus Taylor', '4276 Quisque Av.', '1979-10-26', 'P', 2, 1),
(805, 9196, '1655052294299', 'Aristotle Bernard', '9008 Suspendisse Avenue', '1982-09-29', 'P', 1, 1),
(806, 9195, '1610092943199', 'Brent Gilliam', 'P.O. Box 314, 6603 Elementum, St.', '1970-07-17', 'P', 1, 2),
(807, 9194, '1685040485699', 'Caleb Carter', 'P.O. Box 766, 7141 Ut St.', '1964-01-09', 'P', 1, 2),
(808, 9193, '1669070753099', 'Aidan Browning', 'P.O. Box 568, 6503 Libero Rd.', '1984-03-05', 'P', 1, 2),
(809, 9192, '1673062376199', 'James Hull', 'P.O. Box 217, 1352 Eros Av.', '1974-11-09', 'P', 1, 1),
(810, 9191, '1668090457399', 'Ira Pierce', '8613 At Rd.', '1974-11-22', 'P', 2, 2),
(811, 9190, '1649040337299', 'Calvin Fletcher', '914-2171 Fusce Road', '1981-01-21', 'P', 2, 1),
(812, 9189, '1619062653699', 'Forrest Mcgowan', '4362 Ac Street', '1968-11-23', 'P', 2, 2),
(813, 9188, '1678112998799', 'Wang Morin', '8919 Nec Road', '1984-11-16', 'P', 2, 1),
(814, 9187, '1659040924499', 'Kadeem Deleon', '7715 Suspendisse Street', '1968-03-28', 'P', 2, 2),
(815, 9186, '1604020456099', 'Fritz Murray', '286 Lobortis Road', '1973-08-27', 'P', 2, 1),
(816, 9185, '1600122233699', 'Luke Marks', 'Ap #787-5845 Sagittis Av.', '1987-01-31', 'P', 2, 2),
(817, 9184, '1659061407599', 'Fletcher Greene', '854-8796 Nunc Av.', '1977-03-12', 'P', 2, 1),
(818, 9183, '1630051869099', 'Odysseus Michael', '677 Egestas Avenue', '1983-09-12', 'P', 1, 2),
(819, 9182, '1649082842299', 'Benedict Bender', '1983 Cursus Av.', '1961-03-18', 'P', 1, 1),
(820, 9181, '1600031853399', 'Brandon Mays', 'P.O. Box 870, 8348 Libero Ave', '1987-03-17', 'P', 1, 2),
(821, 9180, '1647072318099', 'Damon Willis', '2834 Nec, St.', '1972-09-01', 'P', 1, 2),
(822, 9179, '1651070604799', 'Quinlan Hamilton', 'P.O. Box 216, 438 Vehicula St.', '1988-01-09', 'P', 2, 2),
(823, 9178, '1695021315599', 'Omar Valentine', 'Ap #852-7260 Interdum Av.', '1971-01-15', 'P', 1, 2),
(824, 9177, '1658060178399', 'Oscar Oneill', '6545 In St.', '1961-04-20', 'P', 2, 2),
(825, 9176, '1681081418199', 'Price Mcintyre', '6082 Ante Rd.', '1963-03-05', 'P', 2, 2),
(826, 9175, '1678062475999', 'Brody Sparks', '442-784 Mauris Road', '1961-12-03', 'P', 1, 2),
(827, 9174, '1694041885499', 'Ronan Duffy', '427-7943 Sed Ave', '1963-07-16', 'P', 2, 1),
(828, 9173, '1661110242799', 'Randall Hickman', '3683 Hymenaeos. Road', '1968-03-29', 'P', 1, 2),
(829, 9172, '1623071931899', 'Clayton Nolan', 'Ap #629-7816 Ac St.', '1968-05-01', 'P', 1, 1),
(830, 9171, '1622011674899', 'Cameron Wise', 'P.O. Box 842, 940 Molestie Av.', '1987-04-26', 'P', 1, 2),
(831, 9170, '1684120848199', 'Alec Hudson', '8756 Sollicitudin Road', '1990-05-16', 'P', 2, 2),
(832, 9169, '1644030858199', 'Colby Colon', '987-2389 Mauris St.', '1981-09-18', 'P', 2, 1),
(833, 9168, '1629051386299', 'Sawyer Pruitt', '2826 Mauris St.', '1979-09-19', 'P', 1, 2),
(834, 9167, '1692090162099', 'Lance Benton', '721-7056 Sagittis Road', '1979-12-24', 'P', 2, 1),
(835, 9166, '1630030595499', 'Trevor Cunningham', 'P.O. Box 577, 9646 A Rd.', '1980-01-18', 'P', 2, 2),
(836, 9165, '1656011423899', 'Noble Branch', 'P.O. Box 232, 6290 Egestas, St.', '1988-12-08', 'P', 1, 2),
(837, 9164, '1653061725799', 'Talon Matthews', 'P.O. Box 494, 7384 Tempor Street', '1964-09-07', 'P', 1, 1),
(838, 9163, '1651013043699', 'Barrett Berg', '515-4870 Cum St.', '1960-09-12', 'P', 1, 1),
(839, 9162, '1611091135399', 'Peter King', '5759 Ac Street', '1966-04-15', 'P', 2, 2),
(840, 9161, '1632051177699', 'Honorato Sanford', '467-5108 Vivamus Av.', '1962-08-27', 'P', 2, 2),
(841, 9160, '1601071427899', 'Malcolm Ayers', 'P.O. Box 387, 7547 Lacus. St.', '1968-08-29', 'P', 1, 1),
(842, 9159, '1648062104399', 'Dean Thornton', 'P.O. Box 458, 7329 Aliquet Av.', '1984-05-09', 'P', 1, 2),
(843, 9158, '1695072814299', 'Rahim Pennington', '271-4536 Sodales Street', '1972-11-14', 'P', 2, 1),
(844, 9157, '1631100741299', 'Abbot Barber', 'P.O. Box 655, 3490 Egestas. Avenue', '1967-07-28', 'P', 2, 2),
(845, 9156, '1630081489899', 'Emerson Oconnor', '8479 Tellus Road', '1986-12-21', 'P', 2, 2),
(846, 9155, '1666042849599', 'Maxwell Estrada', 'Ap #403-4896 Nullam Rd.', '1981-11-08', 'P', 1, 2),
(847, 9154, '1648010558299', 'Odysseus Porter', '898-3804 Euismod Av.', '1973-03-23', 'P', 1, 2),
(848, 9153, '1696120239699', 'Bradley Brady', '8313 Imperdiet Street', '1969-11-11', 'P', 2, 1),
(849, 9152, '1602090223399', 'Hilel Gillespie', '640-8461 Augue Road', '1990-05-20', 'P', 1, 1),
(850, 9151, '1671031276199', 'Kieran Barlow', 'P.O. Box 162, 124 Eu Rd.', '1979-11-10', 'P', 2, 2),
(851, 9150, '1607111456799', 'Kelly Marshall', '7797 Duis Rd.', '1970-06-07', 'P', 1, 1),
(852, 9149, '1699091901599', 'Daniel Sawyer', '594-3493 Nunc St.', '1979-01-03', 'P', 2, 1),
(853, 9148, '1650030390299', 'Tiger Noble', '338-219 Sem Rd.', '1989-08-26', 'P', 2, 1),
(854, 9147, '1677070445299', 'Murphy Hendrix', '3540 Morbi Road', '1990-05-16', 'P', 2, 1),
(855, 9146, '1637052072599', 'Isaiah Briggs', '9756 Mauris Av.', '1969-04-01', 'P', 2, 1),
(856, 9145, '1634072723799', 'Philip Cummings', 'Ap #973-1668 Dolor Street', '1986-02-12', 'P', 2, 1),
(857, 9144, '1648072870899', 'Murphy Daniel', '2112 Erat. St.', '1966-07-21', 'P', 1, 2),
(858, 9143, '1679072897999', 'Martin Cunningham', '414-9801 Sem, Street', '1967-11-02', 'P', 1, 1),
(859, 9142, '1630012905399', 'Alec Phillips', 'Ap #755-8093 Sapien. St.', '1970-07-13', 'P', 2, 1),
(860, 9141, '1665112708599', 'Kermit Mays', '1299 Eget Av.', '1978-11-09', 'P', 2, 1),
(861, 9140, '1682020552099', 'Lamar Padilla', 'P.O. Box 918, 9281 Nulla St.', '1981-03-07', 'P', 1, 1),
(862, 9139, '1687062322699', 'Marshall Randall', '4715 Malesuada Ave', '1962-11-26', 'P', 2, 2),
(863, 9138, '1685042233299', 'Henry Cardenas', 'Ap #956-6692 Ornare St.', '1960-10-11', 'P', 2, 1),
(864, 9137, '1608010880599', 'Lane Merritt', 'P.O. Box 629, 5010 Tempor St.', '1960-11-12', 'P', 1, 1),
(865, 9136, '1657052277999', 'Hoyt May', '661-7571 Fusce Ave', '1971-12-27', 'P', 1, 2),
(866, 9135, '1696071214499', 'Elton Rocha', 'Ap #535-6356 Aliquam St.', '1984-06-03', 'P', 2, 2),
(867, 9134, '1615032574899', 'Arden Dunn', '997-7746 Vehicula Rd.', '1965-02-12', 'P', 1, 2),
(868, 9133, '1695040362399', 'Lamar Hernandez', '187-7125 Sed Road', '1961-02-13', 'P', 2, 2),
(869, 9132, '1640112080499', 'Evan Witt', '537-1149 Metus. Rd.', '1964-11-26', 'P', 2, 2),
(870, 9131, '1686010611199', 'Nehru Solis', 'P.O. Box 254, 1229 Vel, Ave', '1965-09-26', 'P', 1, 1),
(871, 9130, '1695012538299', 'Adam Whitehead', 'Ap #647-4316 Nonummy Av.', '1963-06-02', 'P', 1, 1),
(872, 9129, '1604041015699', 'Francis Fox', 'Ap #804-2715 Aliquam Rd.', '1983-12-29', 'P', 2, 2),
(873, 9128, '1620021208099', 'Buckminster Clayton', 'P.O. Box 827, 2176 Magna Av.', '1983-06-11', 'P', 1, 2),
(874, 9127, '1633102449299', 'Stewart Bennett', '972-2551 Dapibus Ave', '1973-09-19', 'P', 2, 1),
(875, 9126, '1654061157099', 'Timothy Griffin', 'Ap #677-3099 Luctus Road', '1968-09-01', 'P', 1, 2),
(876, 9125, '1654100659299', 'Brennan Ratliff', '5687 Diam Avenue', '1960-11-24', 'P', 1, 1),
(877, 9124, '1656021511599', 'Tate Mcgowan', '7864 Nam Rd.', '1986-08-06', 'P', 2, 2),
(878, 9123, '1667050135099', 'Micah Nash', 'P.O. Box 848, 7109 Cursus Avenue', '1962-09-07', 'P', 2, 2),
(879, 9122, '1604010345899', 'Carlos Trevino', 'Ap #816-1592 Mollis Road', '1987-03-27', 'P', 1, 1),
(880, 9121, '1691090980699', 'Hamish Cash', '9298 Hendrerit. Ave', '1960-11-01', 'P', 2, 2),
(881, 9120, '1617071683099', 'Drew Sargent', '227-375 Luctus Avenue', '1988-04-23', 'P', 1, 2),
(882, 9119, '1689011968599', 'Grant Hays', 'Ap #301-5470 Nostra, Ave', '1964-07-30', 'P', 2, 2),
(883, 9118, '1603030830299', 'Otto Henson', 'Ap #843-2689 Amet St.', '1985-03-27', 'P', 2, 1),
(884, 9117, '1630040566999', 'Nash Rasmussen', '8775 Suspendisse St.', '1976-06-14', 'P', 1, 1),
(885, 9116, '1636012089899', 'Kane Sawyer', '903-6062 Vulputate Rd.', '1963-04-05', 'P', 2, 1),
(886, 9115, '1604112924099', 'Kelly Kennedy', 'Ap #176-2243 Nisi Street', '1984-12-11', 'P', 2, 1),
(887, 9114, '1628110226899', 'Nasim Carey', '241-8064 Ligula Rd.', '1966-02-04', 'P', 2, 1),
(888, 9113, '1649120644599', 'Kadeem Riley', 'Ap #908-2596 Magna. Av.', '1985-03-18', 'P', 2, 2),
(889, 9112, '1662071977599', 'Vladimir Doyle', 'P.O. Box 269, 6060 Rhoncus. Road', '1971-06-24', 'P', 2, 2),
(890, 9111, '1695061989399', 'Cody Owens', '875-5626 Eget Rd.', '1965-03-24', 'P', 2, 2),
(891, 9110, '1603022093699', 'Trevor Mueller', 'Ap #422-121 Ridiculus Rd.', '1971-10-08', 'P', 1, 2),
(892, 9109, '1675092623799', 'Cedric Sparks', 'P.O. Box 185, 6470 Suspendisse Street', '1982-01-05', 'P', 2, 1),
(893, 9108, '1697122410399', 'Erasmus Marsh', 'Ap #607-3457 Neque St.', '1963-05-10', 'P', 2, 1),
(894, 9107, '1694100335399', 'Yoshio Contreras', '9656 Dolor Av.', '1969-02-18', 'P', 2, 1),
(895, 9106, '1653031173699', 'Isaac Mathews', '480-1759 Cursus St.', '1972-03-04', 'P', 1, 2),
(896, 9105, '1684102619699', 'Murphy Sanchez', 'Ap #855-9983 Nisl. Rd.', '1970-05-01', 'P', 1, 2),
(897, 9104, '1690012552199', 'Sean Tillman', '6062 Odio Ave', '1973-07-16', 'P', 1, 1),
(898, 9103, '1607123061399', 'Kennedy Lindsay', '753-4709 Non Rd.', '1970-07-20', 'P', 1, 2),
(899, 9102, '1661022753499', 'Asher Garrison', '708-565 Fermentum Ave', '1974-08-12', 'P', 2, 1),
(900, 9101, '1625100356099', 'Dylan Byrd', '128-4446 Tincidunt Road', '1980-08-21', 'P', 2, 2),
(901, 9100, '1699120108399', 'Hyatt Quinn', 'P.O. Box 987, 2964 Nunc St.', '1982-12-18', 'P', 1, 1),
(902, 9099, '1634012217799', 'Kasimir Bradshaw', '141-262 Augue. Street', '1971-03-24', 'P', 1, 2),
(903, 9098, '1635090872599', 'Harlan Brady', '881-4501 Facilisis Ave', '1977-05-31', 'P', 2, 1),
(904, 9097, '1696022527599', 'Chaney Mercado', '6947 Mauris Road', '1972-08-17', 'P', 1, 2),
(905, 9096, '1608032378199', 'Samson Gallagher', '8369 Integer Avenue', '1971-09-26', 'P', 2, 1),
(906, 9095, '1636111302999', 'Ferdinand Gross', '2996 Aenean Av.', '1972-10-23', 'P', 2, 2),
(907, 9094, '1628070346199', 'Carter Singleton', 'Ap #658-3301 Fringilla Av.', '1961-08-03', 'P', 1, 2),
(908, 9093, '1618102833199', 'Carlos Santos', 'Ap #953-8379 Nibh. Road', '1963-04-30', 'P', 2, 2),
(909, 9092, '1642051708599', 'Victor Holder', 'P.O. Box 696, 1155 Laoreet, Rd.', '1989-03-07', 'P', 2, 1),
(910, 9091, '1661070184699', 'Tobias Noel', '4696 Montes, Street', '1973-02-20', 'P', 1, 2),
(911, 9090, '1654102998999', 'Brenden Sutton', '957 Id Avenue', '1976-01-15', 'P', 1, 1),
(912, 9089, '1670110831999', 'Ignatius Burris', 'P.O. Box 130, 7109 Lobortis Road', '1987-01-26', 'P', 2, 2),
(913, 9088, '1658011181999', 'Devin Daugherty', '7303 Tincidunt St.', '1964-01-02', 'P', 1, 2),
(914, 9087, '1690012278199', 'Preston Strickland', '5875 Semper St.', '1983-09-18', 'P', 1, 2),
(915, 9086, '1615031038399', 'Abel Roy', 'Ap #660-760 Aliquam Ave', '1969-06-30', 'P', 1, 2),
(916, 9085, '1693081162499', 'Jack Warner', '4958 Ut Av.', '1981-03-23', 'P', 2, 1),
(917, 9084, '1657010708999', 'Orlando Carver', 'P.O. Box 793, 6695 Sit Street', '1973-05-14', 'P', 2, 1),
(918, 9083, '1629120451599', 'Howard Ball', 'Ap #566-5517 Lorem Road', '1965-10-09', 'P', 1, 2),
(919, 9082, '1658061802999', 'Alec Knight', '624-4189 Libero. Rd.', '1972-07-04', 'P', 1, 2),
(920, 9081, '1693100675399', 'Preston Alston', 'P.O. Box 988, 770 Sollicitudin St.', '1980-07-23', 'P', 1, 1),
(921, 9080, '1653042785399', 'Joseph Pratt', 'Ap #129-1707 Lacus. Avenue', '1967-09-08', 'P', 1, 2),
(922, 9079, '1671061534499', 'Harding Gross', '724-8553 Accumsan St.', '1974-04-15', 'P', 1, 2),
(923, 9078, '1644121994899', 'Dylan Newton', '2278 Magna Avenue', '1968-03-12', 'P', 1, 2),
(924, 9077, '1655110444599', 'Wyatt Riggs', '9207 Volutpat Rd.', '1962-03-26', 'P', 2, 1),
(925, 9076, '1692111754199', 'Nicholas Vincent', 'P.O. Box 829, 7096 Pede Ave', '1963-05-25', 'P', 1, 1),
(926, 9075, '1661070510699', 'Ray Livingston', 'P.O. Box 217, 5860 Lorem Av.', '1978-03-21', 'P', 2, 1),
(927, 9074, '1601021271599', 'Lewis Greer', '292-1613 Arcu. Street', '1989-12-28', 'P', 2, 1),
(928, 9073, '1691102909699', 'Brendan Austin', '185-5168 Sodales. Rd.', '1984-10-12', 'P', 2, 1),
(929, 9072, '1660100970899', 'Knox Morrison', '9222 Ridiculus Avenue', '1983-09-13', 'P', 1, 1),
(930, 9071, '1675021896199', 'Jonas Foster', 'Ap #305-7003 Erat Street', '1981-12-18', 'P', 2, 2),
(931, 9070, '1679040299399', 'Price Sosa', 'P.O. Box 161, 4848 Suspendisse Street', '1984-06-03', 'P', 2, 2),
(932, 9069, '1629032548499', 'Philip Hayes', '3322 Sit Av.', '1966-11-22', 'P', 1, 2),
(933, 9068, '1611091395999', 'Salvador Strong', '7226 Neque Av.', '1968-12-07', 'P', 1, 2),
(934, 9067, '1698112096499', 'Hyatt Bailey', 'Ap #168-2379 Et, Rd.', '1984-12-18', 'P', 1, 2),
(935, 9066, '1636101069299', 'Talon Roberson', '168-9527 Phasellus St.', '1973-02-25', 'P', 1, 2),
(936, 9065, '1654030136899', 'Giacomo Allen', 'Ap #214-9954 Maecenas St.', '1979-08-16', 'P', 2, 1),
(937, 9064, '1634051535599', 'Robert Padilla', '683 Velit. St.', '1987-01-10', 'P', 2, 1),
(938, 9063, '1642042585399', 'Slade Aguirre', '520-5191 In Street', '1963-12-01', 'P', 2, 2),
(939, 9062, '1645070921699', 'Keegan Paul', 'Ap #701-1490 Diam. St.', '1978-07-03', 'P', 2, 1),
(940, 9061, '1630031632499', 'Aaron Huffman', 'Ap #445-3546 Magnis Avenue', '1976-05-15', 'P', 2, 2),
(941, 9060, '1660040193299', 'Garth Warren', '823-7979 Nunc Av.', '1988-01-16', 'P', 1, 2),
(942, 9059, '1650102859799', 'Erich Dawson', 'Ap #875-9471 Morbi St.', '1967-03-25', 'P', 2, 2),
(943, 9058, '1603041138699', 'Elmo Hendricks', 'P.O. Box 995, 1067 Dis St.', '1985-10-14', 'P', 1, 2),
(944, 9057, '1608040654299', 'Zeus Burks', 'Ap #279-6642 Nunc St.', '1964-12-05', 'P', 2, 2),
(945, 9056, '1689071808799', 'Hakeem Glover', 'Ap #797-5131 Senectus Avenue', '1985-06-08', 'P', 2, 1),
(946, 9055, '1680091442299', 'Keane Webb', '8049 Senectus Rd.', '1965-11-24', 'P', 2, 1),
(947, 9054, '1649050172899', 'Amery Russell', 'Ap #708-304 Sodales. Street', '1960-12-29', 'P', 1, 2),
(948, 9053, '1657050997299', 'Merrill May', '616-2181 At Street', '1983-11-12', 'P', 2, 2),
(949, 9052, '1638080736899', 'Ignatius Nunez', 'Ap #607-5901 Risus. Avenue', '1987-04-18', 'P', 2, 1),
(950, 9051, '1637021192699', 'Ian Guerra', '617-6300 Amet, Rd.', '1971-07-03', 'P', 1, 2),
(951, 9050, '1635120208599', 'Jarrod Mcclure', '671-3592 Id, Av.', '1975-04-20', 'P', 1, 2),
(952, 9049, '1611102519899', 'Forrest Meyers', '8562 Habitant Rd.', '1971-05-22', 'P', 2, 1),
(953, 9048, '1662032922299', 'Fritz Morin', '2802 Purus Av.', '1967-12-14', 'P', 2, 2),
(954, 9047, '1661090985199', 'Carson Carpenter', '681-8521 Cursus Avenue', '1984-10-17', 'P', 1, 2),
(955, 9046, '1663022346399', 'Nigel Randolph', 'Ap #703-150 Aliquam Rd.', '1990-07-30', 'P', 2, 2),
(956, 9045, '1628022695999', 'Joshua Gallagher', '3545 Accumsan Avenue', '1961-03-20', 'P', 2, 1),
(957, 9044, '1691031156199', 'Octavius Walker', '363-1556 Purus Rd.', '1965-01-30', 'P', 2, 2),
(958, 9043, '1616090303099', 'Mannix Singleton', 'P.O. Box 118, 1596 Integer Avenue', '1967-12-25', 'P', 1, 2),
(959, 9042, '1689071628499', 'Nehru Henry', 'P.O. Box 524, 4888 Praesent Street', '1972-08-14', 'P', 1, 1),
(960, 9041, '1623110625699', 'Gareth Todd', '7588 Vivamus Rd.', '1967-07-16', 'P', 2, 1),
(961, 9040, '1626090964699', 'Chase Guy', '754-7211 Tincidunt St.', '1965-06-18', 'P', 1, 1),
(962, 9039, '1695043061599', 'Alan Barrett', '724-486 Ultrices. Ave', '1982-06-18', 'P', 1, 2),
(963, 9038, '1689032420599', 'Hunter Mercado', '752-2915 Lacinia Road', '1970-05-12', 'P', 2, 1),
(964, 9037, '1633112404599', 'Scott Battle', '409-4093 Velit. Road', '1977-05-06', 'P', 1, 2),
(965, 9036, '1639080410999', 'Bert Byrd', '3077 Vestibulum Av.', '1979-11-30', 'P', 1, 2),
(966, 9035, '1633122353299', 'Rajah Gillespie', 'Ap #955-9609 Pede. Street', '1988-07-30', 'P', 2, 2),
(967, 9034, '1669042735099', 'Craig Morris', '3757 Ullamcorper. Road', '1982-05-14', 'P', 2, 2),
(968, 9033, '1690101509599', 'Oleg Drake', 'P.O. Box 360, 8913 Diam Road', '1970-12-29', 'P', 2, 1),
(969, 9032, '1652022694399', 'Theodore Meyer', 'Ap #641-8483 Tempus Street', '1960-12-14', 'P', 2, 2),
(970, 9031, '1683120724299', 'Walker Schultz', 'P.O. Box 605, 1597 Dictum Street', '1978-01-23', 'P', 2, 2),
(971, 9030, '1611070289699', 'Philip Pollard', '984-5015 Lectus St.', '1989-07-14', 'P', 1, 1),
(972, 9029, '1676090608499', 'Barrett Blevins', 'P.O. Box 213, 8871 Integer Av.', '1984-08-31', 'P', 1, 1),
(973, 9028, '1611022545299', 'Garrison Barton', '245-6784 Tempor Ave', '1961-05-06', 'P', 2, 1),
(974, 9027, '1600110443199', 'Quinn Boone', '927-2784 Nunc Street', '1981-02-20', 'P', 1, 2),
(975, 9026, '1682060585199', 'Lionel Williamson', '8725 Malesuada Rd.', '1986-05-27', 'P', 2, 2),
(976, 9025, '1674100397799', 'Burke Jensen', 'Ap #980-7845 Ac Avenue', '1965-01-31', 'P', 2, 2),
(977, 9024, '1609121613599', 'Camden Buckner', 'P.O. Box 844, 1580 Rhoncus Av.', '1985-11-04', 'P', 1, 1),
(978, 9023, '1650073051999', 'Herman Phillips', 'Ap #326-1098 Justo Street', '1967-01-19', 'P', 1, 1),
(979, 9022, '1637020557399', 'Neville Hess', 'P.O. Box 168, 6531 Sed Av.', '1970-08-30', 'P', 2, 2),
(980, 9021, '1653101434799', 'Stephen Valentine', '2812 Enim Av.', '1982-10-17', 'P', 1, 2),
(981, 9020, '1647032271799', 'Uriel Sullivan', 'Ap #364-6100 Venenatis Rd.', '1964-07-20', 'P', 2, 2),
(982, 9019, '1662012521899', 'Keith Hickman', '236-1055 Accumsan Road', '1977-08-07', 'P', 2, 1),
(983, 9018, '1693022666299', 'Brady Bean', 'P.O. Box 391, 2134 Non St.', '1986-05-27', 'P', 1, 1),
(984, 9017, '1678062236399', 'Branden Gardner', '3916 Vitae Road', '1990-04-07', 'P', 1, 1),
(985, 9016, '1675041083999', 'Ray Sloan', 'Ap #238-829 Non Avenue', '1985-07-16', 'P', 1, 1),
(986, 9015, '1605060692799', 'Keane Griffith', 'Ap #440-7526 Commodo Rd.', '1971-01-11', 'P', 2, 2),
(987, 9014, '1637031649899', 'Ferris Jones', 'Ap #930-5249 Et Road', '1981-03-16', 'P', 2, 2),
(988, 9013, '1619102125699', 'Baker Whitfield', 'Ap #929-2751 Aliquam St.', '1961-05-21', 'P', 2, 1),
(989, 9012, '1695082347699', 'Elliott Holden', '806-2109 Sit St.', '1978-05-16', 'P', 2, 2),
(990, 9011, '1628101887599', 'Xenos Thompson', '795-9468 Rutrum Av.', '1966-04-16', 'P', 1, 2),
(991, 9010, '1678041605299', 'Oleg Nichols', '1149 Tincidunt Rd.', '1961-02-18', 'P', 1, 2),
(992, 9009, '1695012279599', 'Wade Saunders', '2069 Donec Rd.', '1981-07-07', 'P', 1, 2),
(993, 9008, '1663011330699', 'Samuel Bruce', '4837 Viverra. Rd.', '1970-08-23', 'P', 1, 2),
(994, 9007, '1603041539099', 'Elton Good', 'P.O. Box 717, 2151 In St.', '1977-01-15', 'P', 1, 1),
(995, 9006, '1624112020999', 'Philip Pearson', '713 Dui Street', '1963-11-20', 'P', 2, 2),
(996, 9005, '1631023080199', 'Rooney Bolton', 'P.O. Box 226, 2837 Eu Rd.', '1986-08-13', 'P', 1, 1),
(997, 9004, '1685061119299', 'Wade Brennan', 'P.O. Box 833, 9261 Ligula. St.', '1969-07-15', 'P', 1, 2),
(998, 9003, '1692110840499', 'Vladimir Maxwell', 'P.O. Box 875, 9085 Bibendum Street', '1973-04-30', 'P', 1, 1),
(999, 9002, '1617042589999', 'Bruce Franco', 'P.O. Box 919, 8203 Porttitor Street', '1988-11-11', 'P', 1, 2);

-- --------------------------------------------------------

--
-- Struktur dari tabel `tblsuku`
--

CREATE TABLE `tblsuku` (
  `idsuku` int(11) NOT NULL,
  `suku` varchar(50) NOT NULL
) ENGINE=InnoDB DEFAULT CHARSET=latin1;

--
-- Dumping data untuk tabel `tblsuku`
--

INSERT INTO `tblsuku` (`idsuku`, `suku`) VALUES
(1, 'Suku Jawa'),
(2, 'Suku Sunda');

-- --------------------------------------------------------

--
-- Struktur dari tabel `type_plasma`
--

CREATE TABLE `type_plasma` (
  `id` int(11) NOT NULL,
  `name` varchar(225) NOT NULL
) ENGINE=InnoDB DEFAULT CHARSET=latin1;

--
-- Dumping data untuk tabel `type_plasma`
--

INSERT INTO `type_plasma` (`id`, `name`) VALUES
(1, 'igd'),
(2, 'rajal'),
(3, 'ranap');

-- --------------------------------------------------------

--
-- Struktur dari tabel `user`
--

CREATE TABLE `user` (
  `id` int(11) NOT NULL,
  `nik` int(5) NOT NULL,
  `username` varchar(225) NOT NULL,
  `password` varchar(225) NOT NULL,
  `group_id` int(1) NOT NULL,
  `is_active` int(11) NOT NULL DEFAULT 1
) ENGINE=InnoDB DEFAULT CHARSET=latin1;

--
-- Dumping data untuk tabel `user`
--

INSERT INTO `user` (`id`, `nik`, `username`, `password`, `group_id`, `is_active`) VALUES
(1, 1529, 'agus.firman', '21232f297a57a5a743894a0e4a801fc3', 1, 1),
(4, 0, 'ugd', 'e10adc3949ba59abbe56e057f20f883e', 3, 1),
(5, 0, 'obgyn', 'e10adc3949ba59abbe56e057f20f883e', 3, 1),
(6, 0, 'admin', '21232f297a57a5a743894a0e4a801fc3', 2, 1),
(18, 1233, 'dokter', '21232f297a57a5a743894a0e4a801fc3', 5, 1),
(19, 84312, 'yani', '202cb962ac59075b964b07152d234b70', 4, 1),
(20, 2342, 'user_acs', '202cb962ac59075b964b07152d234b70', 5, 1);

-- --------------------------------------------------------

--
-- Struktur dari tabel `visit_time`
--

CREATE TABLE `visit_time` (
  `id` int(11) NOT NULL,
  `noon` varchar(25) NOT NULL,
  `afternoon` varchar(25) NOT NULL DEFAULT '00.00',
  `plasma_id` int(11) NOT NULL
) ENGINE=InnoDB DEFAULT CHARSET=latin1;

--
-- Dumping data untuk tabel `visit_time`
--

INSERT INTO `visit_time` (`id`, `noon`, `afternoon`, `plasma_id`) VALUES
(1, '10.00 - 12.00', '15.00 - 16.30', 2),
(18, '10.00 - 12.00', '15.00 - 16.30', 3);

--
-- Indexes for dumped tables
--

--
-- Indeks untuk tabel `administration`
--
ALTER TABLE `administration`
  ADD PRIMARY KEY (`id`);

--
-- Indeks untuk tabel `doctor`
--
ALTER TABLE `doctor`
  ADD PRIMARY KEY (`id`);

--
-- Indeks untuk tabel `doctor_of_dutty`
--
ALTER TABLE `doctor_of_dutty`
  ADD PRIMARY KEY (`id`),
  ADD KEY `plasma_id` (`plasma_id`),
  ADD KEY `doctor_id` (`doctor_id`);

--
-- Indeks untuk tabel `doctor_room`
--
ALTER TABLE `doctor_room`
  ADD PRIMARY KEY (`id`),
  ADD KEY `plasma_id` (`plasma_id`);

--
-- Indeks untuk tabel `doctor_schedule`
--
ALTER TABLE `doctor_schedule`
  ADD PRIMARY KEY (`id`),
  ADD KEY `room_id` (`room_id`),
  ADD KEY `doctor_id` (`doctor_id`);

--
-- Indeks untuk tabel `groups`
--
ALTER TABLE `groups`
  ADD PRIMARY KEY (`id`);

--
-- Indeks untuk tabel `group_access_permission`
--
ALTER TABLE `group_access_permission`
  ADD PRIMARY KEY (`id`),
  ADD KEY `group_id` (`group_id`),
  ADD KEY `menu_id` (`menu_id`);

--
-- Indeks untuk tabel `image_slide`
--
ALTER TABLE `image_slide`
  ADD PRIMARY KEY (`id`),
  ADD KEY `plasma_id` (`plasma_id`);

--
-- Indeks untuk tabel `items`
--
ALTER TABLE `items`
  ADD PRIMARY KEY (`id`);

--
-- Indeks untuk tabel `login_attempts`
--
ALTER TABLE `login_attempts`
  ADD PRIMARY KEY (`id`);

--
-- Indeks untuk tabel `menus`
--
ALTER TABLE `menus`
  ADD PRIMARY KEY (`id`);

--
-- Indeks untuk tabel `nurse`
--
ALTER TABLE `nurse`
  ADD PRIMARY KEY (`id`);

--
-- Indeks untuk tabel `nurse_of_dutty`
--
ALTER TABLE `nurse_of_dutty`
  ADD PRIMARY KEY (`id`),
  ADD KEY `plasma_id` (`plasma_id`);

--
-- Indeks untuk tabel `nurse_spv`
--
ALTER TABLE `nurse_spv`
  ADD PRIMARY KEY (`id`);

--
-- Indeks untuk tabel `pic_nurse`
--
ALTER TABLE `pic_nurse`
  ADD PRIMARY KEY (`id`),
  ADD KEY `plasma_id` (`plasma_id`);

--
-- Indeks untuk tabel `plasma`
--
ALTER TABLE `plasma`
  ADD PRIMARY KEY (`id`),
  ADD KEY `type_id` (`type_id`);

--
-- Indeks untuk tabel `setting`
--
ALTER TABLE `setting`
  ADD PRIMARY KEY (`id`);

--
-- Indeks untuk tabel `specialist_doctor`
--
ALTER TABLE `specialist_doctor`
  ADD PRIMARY KEY (`id`),
  ADD UNIQUE KEY `specialist_name` (`specialist_name`),
  ADD KEY `plasma_id` (`plasma_id`);

--
-- Indeks untuk tabel `tblagama`
--
ALTER TABLE `tblagama`
  ADD PRIMARY KEY (`idagama`);

--
-- Indeks untuk tabel `tblmenus`
--
ALTER TABLE `tblmenus`
  ADD PRIMARY KEY (`id`);

--
-- Indeks untuk tabel `tblorders`
--
ALTER TABLE `tblorders`
  ADD PRIMARY KEY (`id`);

--
-- Indeks untuk tabel `tblpasien`
--
ALTER TABLE `tblpasien`
  ADD PRIMARY KEY (`id`);

--
-- Indeks untuk tabel `tblsuku`
--
ALTER TABLE `tblsuku`
  ADD PRIMARY KEY (`idsuku`);

--
-- Indeks untuk tabel `type_plasma`
--
ALTER TABLE `type_plasma`
  ADD PRIMARY KEY (`id`);

--
-- Indeks untuk tabel `user`
--
ALTER TABLE `user`
  ADD PRIMARY KEY (`id`),
  ADD KEY `group_id` (`group_id`);

--
-- Indeks untuk tabel `visit_time`
--
ALTER TABLE `visit_time`
  ADD PRIMARY KEY (`id`),
  ADD UNIQUE KEY `plasma_id` (`plasma_id`);

--
-- AUTO_INCREMENT untuk tabel yang dibuang
--

--
-- AUTO_INCREMENT untuk tabel `administration`
--
ALTER TABLE `administration`
  MODIFY `id` int(11) NOT NULL AUTO_INCREMENT, AUTO_INCREMENT=3;

--
-- AUTO_INCREMENT untuk tabel `doctor`
--
ALTER TABLE `doctor`
  MODIFY `id` int(11) NOT NULL AUTO_INCREMENT, AUTO_INCREMENT=33;

--
-- AUTO_INCREMENT untuk tabel `doctor_of_dutty`
--
ALTER TABLE `doctor_of_dutty`
  MODIFY `id` int(11) NOT NULL AUTO_INCREMENT, AUTO_INCREMENT=10;

--
-- AUTO_INCREMENT untuk tabel `doctor_room`
--
ALTER TABLE `doctor_room`
  MODIFY `id` int(11) NOT NULL AUTO_INCREMENT, AUTO_INCREMENT=8;

--
-- AUTO_INCREMENT untuk tabel `doctor_schedule`
--
ALTER TABLE `doctor_schedule`
  MODIFY `id` int(11) NOT NULL AUTO_INCREMENT, AUTO_INCREMENT=9;

--
-- AUTO_INCREMENT untuk tabel `groups`
--
ALTER TABLE `groups`
  MODIFY `id` int(8) NOT NULL AUTO_INCREMENT, AUTO_INCREMENT=6;

--
-- AUTO_INCREMENT untuk tabel `group_access_permission`
--
ALTER TABLE `group_access_permission`
  MODIFY `id` int(11) NOT NULL AUTO_INCREMENT, AUTO_INCREMENT=84;

--
-- AUTO_INCREMENT untuk tabel `image_slide`
--
ALTER TABLE `image_slide`
  MODIFY `id` int(11) NOT NULL AUTO_INCREMENT, AUTO_INCREMENT=12;

--
-- AUTO_INCREMENT untuk tabel `items`
--
ALTER TABLE `items`
  MODIFY `id` int(11) NOT NULL AUTO_INCREMENT;

--
-- AUTO_INCREMENT untuk tabel `login_attempts`
--
ALTER TABLE `login_attempts`
  MODIFY `id` int(11) UNSIGNED NOT NULL AUTO_INCREMENT;

--
-- AUTO_INCREMENT untuk tabel `menus`
--
ALTER TABLE `menus`
  MODIFY `id` int(11) NOT NULL AUTO_INCREMENT, AUTO_INCREMENT=35;

--
-- AUTO_INCREMENT untuk tabel `nurse`
--
ALTER TABLE `nurse`
  MODIFY `id` int(11) NOT NULL AUTO_INCREMENT, AUTO_INCREMENT=16;

--
-- AUTO_INCREMENT untuk tabel `nurse_of_dutty`
--
ALTER TABLE `nurse_of_dutty`
  MODIFY `id` int(11) NOT NULL AUTO_INCREMENT, AUTO_INCREMENT=5;

--
-- AUTO_INCREMENT untuk tabel `nurse_spv`
--
ALTER TABLE `nurse_spv`
  MODIFY `id` int(11) NOT NULL AUTO_INCREMENT, AUTO_INCREMENT=2;

--
-- AUTO_INCREMENT untuk tabel `pic_nurse`
--
ALTER TABLE `pic_nurse`
  MODIFY `id` int(11) NOT NULL AUTO_INCREMENT, AUTO_INCREMENT=4;

--
-- AUTO_INCREMENT untuk tabel `plasma`
--
ALTER TABLE `plasma`
  MODIFY `id` int(11) NOT NULL AUTO_INCREMENT, AUTO_INCREMENT=9;

--
-- AUTO_INCREMENT untuk tabel `setting`
--
ALTER TABLE `setting`
  MODIFY `id` int(11) NOT NULL AUTO_INCREMENT, AUTO_INCREMENT=4;

--
-- AUTO_INCREMENT untuk tabel `specialist_doctor`
--
ALTER TABLE `specialist_doctor`
  MODIFY `id` int(11) NOT NULL AUTO_INCREMENT, AUTO_INCREMENT=37;

--
-- AUTO_INCREMENT untuk tabel `tblagama`
--
ALTER TABLE `tblagama`
  MODIFY `idagama` int(11) NOT NULL AUTO_INCREMENT, AUTO_INCREMENT=3;

--
-- AUTO_INCREMENT untuk tabel `tblmenus`
--
ALTER TABLE `tblmenus`
  MODIFY `id` int(11) NOT NULL AUTO_INCREMENT, AUTO_INCREMENT=9;

--
-- AUTO_INCREMENT untuk tabel `tblorders`
--
ALTER TABLE `tblorders`
  MODIFY `id` int(11) NOT NULL AUTO_INCREMENT, AUTO_INCREMENT=4;

--
-- AUTO_INCREMENT untuk tabel `tblpasien`
--
ALTER TABLE `tblpasien`
  MODIFY `id` mediumint(8) UNSIGNED NOT NULL AUTO_INCREMENT, AUTO_INCREMENT=1001;

--
-- AUTO_INCREMENT untuk tabel `tblsuku`
--
ALTER TABLE `tblsuku`
  MODIFY `idsuku` int(11) NOT NULL AUTO_INCREMENT, AUTO_INCREMENT=3;

--
-- AUTO_INCREMENT untuk tabel `type_plasma`
--
ALTER TABLE `type_plasma`
  MODIFY `id` int(11) NOT NULL AUTO_INCREMENT, AUTO_INCREMENT=4;

--
-- AUTO_INCREMENT untuk tabel `user`
--
ALTER TABLE `user`
  MODIFY `id` int(11) NOT NULL AUTO_INCREMENT, AUTO_INCREMENT=21;

--
-- AUTO_INCREMENT untuk tabel `visit_time`
--
ALTER TABLE `visit_time`
  MODIFY `id` int(11) NOT NULL AUTO_INCREMENT, AUTO_INCREMENT=19;

--
-- Ketidakleluasaan untuk tabel pelimpahan (Dumped Tables)
--

--
-- Ketidakleluasaan untuk tabel `doctor_of_dutty`
--
ALTER TABLE `doctor_of_dutty`
  ADD CONSTRAINT `doctor_of_dutty_ibfk_1` FOREIGN KEY (`plasma_id`) REFERENCES `plasma` (`id`),
  ADD CONSTRAINT `doctor_of_dutty_ibfk_2` FOREIGN KEY (`doctor_id`) REFERENCES `doctor` (`id`);

--
-- Ketidakleluasaan untuk tabel `doctor_room`
--
ALTER TABLE `doctor_room`
  ADD CONSTRAINT `doctor_room_ibfk_1` FOREIGN KEY (`plasma_id`) REFERENCES `plasma` (`id`);

--
-- Ketidakleluasaan untuk tabel `doctor_schedule`
--
ALTER TABLE `doctor_schedule`
  ADD CONSTRAINT `doctor_schedule_ibfk_1` FOREIGN KEY (`room_id`) REFERENCES `doctor_room` (`id`),
  ADD CONSTRAINT `doctor_schedule_ibfk_2` FOREIGN KEY (`doctor_id`) REFERENCES `doctor` (`id`);

--
-- Ketidakleluasaan untuk tabel `group_access_permission`
--
ALTER TABLE `group_access_permission`
  ADD CONSTRAINT `group_access_permission_ibfk_1` FOREIGN KEY (`menu_id`) REFERENCES `menus` (`id`),
  ADD CONSTRAINT `group_access_permission_ibfk_2` FOREIGN KEY (`group_id`) REFERENCES `groups` (`id`) ON DELETE CASCADE ON UPDATE CASCADE;

--
-- Ketidakleluasaan untuk tabel `image_slide`
--
ALTER TABLE `image_slide`
  ADD CONSTRAINT `image_slide_ibfk_1` FOREIGN KEY (`plasma_id`) REFERENCES `plasma` (`id`);

--
-- Ketidakleluasaan untuk tabel `nurse_of_dutty`
--
ALTER TABLE `nurse_of_dutty`
  ADD CONSTRAINT `nurse_of_dutty_ibfk_1` FOREIGN KEY (`plasma_id`) REFERENCES `plasma` (`id`) ON DELETE CASCADE ON UPDATE CASCADE;

--
-- Ketidakleluasaan untuk tabel `pic_nurse`
--
ALTER TABLE `pic_nurse`
  ADD CONSTRAINT `pic_nurse_ibfk_1` FOREIGN KEY (`plasma_id`) REFERENCES `plasma` (`id`);

--
-- Ketidakleluasaan untuk tabel `plasma`
--
ALTER TABLE `plasma`
  ADD CONSTRAINT `plasma_ibfk_1` FOREIGN KEY (`type_id`) REFERENCES `type_plasma` (`id`);

--
-- Ketidakleluasaan untuk tabel `specialist_doctor`
--
ALTER TABLE `specialist_doctor`
  ADD CONSTRAINT `specialist_doctor_ibfk_1` FOREIGN KEY (`plasma_id`) REFERENCES `plasma` (`id`);

--
-- Ketidakleluasaan untuk tabel `user`
--
ALTER TABLE `user`
  ADD CONSTRAINT `user_ibfk_1` FOREIGN KEY (`group_id`) REFERENCES `groups` (`id`);
COMMIT;

/*!40101 SET CHARACTER_SET_CLIENT=@OLD_CHARACTER_SET_CLIENT */;
/*!40101 SET CHARACTER_SET_RESULTS=@OLD_CHARACTER_SET_RESULTS */;
/*!40101 SET COLLATION_CONNECTION=@OLD_COLLATION_CONNECTION */;
